label,x_px,y_px,area_px,circularity,eq_diam_px,eq_diam_um,mean_intensity,max_intensity
1,311.0,1.8235294117647058,17.0,1.1454006794557343,4.652426491681278,615.477254628669,186.94117647058823,221.0
2,943.3636363636364,1.3636363636363635,11.0,1.3725291727073354,3.742410318509555,495.08969838615985,222.45454545454547,241.0
3,1391.8636363636363,3.227272727272727,22.0,1.0478986251789888,5.292567428401227,700.1625660489124,226.13636363636363,245.0
4,654.3571428571429,3.357142857142857,14.0,1.2947179437557332,4.222008245644752,558.5365074967536,229.14285714285714,243.0
5,860.1428571428571,3.761904761904762,21.0,1.161826052809369,5.170882945826411,684.0647230416189,229.76190476190476,250.0
6,1037.357142857143,5.035714285714286,28.0,0.6854387828391622,5.970821321441846,789.8899039824108,232.60714285714286,249.0
7,421.1,5.8,10.0,1.347530211117168,3.5682482323055424,472.04950573208737,231.9,250.0
8,540.0,9.846153846153847,26.0,0.8605375959228808,5.753627391751592,761.1569570338042,222.07692307692307,243.0
9,153.5625,11.6875,16.0,1.2550998818257415,4.51351666838205,597.100642588042,227.75,244.0
10,317.0,10.428571428571429,21.0,0.9318416243408058,5.170882945826411,684.0647230416189,173.85714285714286,205.0
11,456.72727272727275,11.090909090909092,11.0,1.3175850953161343,3.742410318509555,495.08969838615985,181.1818181818182,196.0
12,1440.3333333333333,10.866666666666667,15.0,1.3956938909918393,4.370193722368317,578.1402111883085,203.4,230.0
13,304.8,12.0,10.0,1.612290114374728,3.5682482323055424,472.04950573208737,162.4,176.0
14,1129.909090909091,12.363636363636363,11.0,1.5596762428443343,3.742410318509555,495.08969838615985,196.63636363636363,227.0
15,1061.625,13.625,16.0,1.1114798311480196,4.51351666838205,597.100642588042,227.75,244.0
16,753.8,14.2,15.0,1.257624288160649,4.370193722368317,578.1402111883085,225.46666666666667,250.0
17,1071.8125,14.1875,16.0,0.7853981633943804,4.51351666838205,597.100642588042,244.625,254.0
18,1513.7037037037037,15.25925925925926,27.0,0.9163139266215123,5.863230142835039,775.6564876458852,205.2962962962963,232.0
19,616.5833333333334,17.0,12.0,1.2776582742473015,3.9088200952233594,517.1043250972568,175.75,193.0
20,1009.4444444444445,17.27777777777778,18.0,1.0237955865444746,4.787307364817192,633.3208701372743,212.72222222222223,233.0
21,1413.46875,17.375,32.0,0.6595286281999522,6.383076486422923,844.4278268496992,175.53125,217.0
22,761.0,18.214285714285715,14.0,1.3503486408234053,4.222008245644752,558.5365074967536,213.42857142857142,236.0
23,1176.6,19.5,20.0,1.1978046321112854,5.046265044040321,667.5788131178341,210.55,244.0
24,195.71428571428572,22.714285714285715,21.0,1.1106735132261938,5.170882945826411,684.0647230416189,195.38095238095238,221.0
25,703.75,24.916666666666668,12.0,1.336700452219239,3.9088200952233594,517.1043250972568,148.16666666666666,176.0
27,851.6428571428571,26.214285714285715,14.0,1.4353535174563994,4.222008245644752,558.5365074967536,210.35714285714286,239.0
28,96.38461538461539,28.615384615384617,13.0,1.55714602173725,4.068428945128219,538.2192458659206,150.15384615384616,174.0
29,534.5454545454545,28.636363636363637,11.0,1.4822832322288846,3.742410318509555,495.08969838615985,132.27272727272728,153.0
30,1019.5,29.714285714285715,14.0,1.500400304226443,4.222008245644752,558.5365074967536,143.5,175.0
31,1449.7272727272727,28.90909090909091,11.0,1.3175850953161343,3.742410318509555,495.08969838615985,204.36363636363637,228.0
32,484.6,30.6,20.0,0.9058449937228015,5.046265044040321,667.5788131178341,211.1,234.0
33,1346.1818181818182,32.36363636363637,11.0,1.3725291727073354,3.742410318509555,495.08969838615985,193.27272727272728,210.0
34,1263.8823529411766,34.05882352941177,17.0,1.2503645433956234,4.652426491681278,615.477254628669,231.0,252.0
35,390.27777777777777,34.94444444444444,18.0,1.212777190011954,4.787307364817192,633.3208701372743,227.22222222222223,247.0
36,435.3333333333333,36.166666666666664,12.0,1.2860574036226655,3.9088200952233594,517.1043250972568,185.75,205.0
37,852.9166666666666,35.75,12.0,1.1855325518954918,3.9088200952233594,517.1043250972568,204.83333333333334,229.0
38,862.7222222222222,36.22222222222222,18.0,0.6823394649154997,4.787307364817192,633.3208701372743,225.38888888888889,243.0
39,613.5,36.5,16.0,1.3962634015857673,4.51351666838205,597.100642588042,210.9375,239.0
40,1190.3846153846155,36.38461538461539,13.0,1.55714602173725,4.068428945128219,538.2192458659206,204.53846153846155,227.0
41,1282.2941176470588,35.88235294117647,17.0,1.117154437015055,4.652426491681278,615.477254628669,224.23529411764707,246.0
42,1518.9166666666667,36.833333333333336,12.0,1.4373655585266922,3.9088200952233594,517.1043250972568,181.08333333333334,198.0
43,414.2,39.2,10.0,1.4178874934948493,3.5682482323055424,472.04950573208737,147.5,162.0
44,1234.5,43.0,10.0,1.612290114374728,3.5682482323055424,472.04950573208737,172.2,191.0
45,986.0,46.2,10.0,1.612290114374728,3.5682482323055424,472.04950573208737,225.4,242.0
46,535.2727272727273,47.09090909090909,11.0,1.3175850953161343,3.742410318509555,495.08969838615985,142.45454545454547,168.0
47,1161.1818181818182,47.45454545454545,11.0,1.4822832322288846,3.742410318509555,495.08969838615985,190.0909090909091,208.0
48,1524.1363636363637,47.54545454545455,22.0,1.0936185983994715,5.292567428401227,700.1625660489124,212.5,231.0
49,323.7692307692308,48.38461538461539,13.0,1.3932288539245543,4.068428945128219,538.2192458659206,228.53846153846155,242.0
50,196.25,50.583333333333336,12.0,1.1165551127934714,3.9088200952233594,517.1043250972568,157.75,179.0
51,740.4347826086956,50.43478260869565,23.0,1.0635183109461226,5.4115163798060095,715.8985210785033,217.08695652173913,243.0
52,455.1764705882353,51.8235294117647,17.0,1.2503645433956239,4.652426491681278,615.477254628669,219.58823529411765,243.0
53,909.8333333333334,52.916666666666664,12.0,1.0060994305285191,3.9088200952233594,517.1043250972568,196.08333333333334,209.0
54,1270.0,52.5,10.0,1.2566370614233509,3.5682482323055424,472.04950573208737,194.3,217.0
55,1320.1176470588234,55.05882352941177,17.0,1.257190637869441,4.652426491681278,615.477254628669,210.35294117647058,231.0
56,384.0,53.833333333333336,12.0,1.6290025362028238,3.9088200952233594,517.1043250972568,200.58333333333334,226.0
57,297.1818181818182,57.09090909090909,11.0,1.3175850953161343,3.742410318509555,495.08969838615985,154.72727272727272,177.0
58,368.61538461538464,58.38461538461539,13.0,1.55714602173725,4.068428945128219,538.2192458659206,175.0,200.0
59,554.9230769230769,58.53846153846154,13.0,1.2461244004744552,4.068428945128219,538.2192458659206,180.0,194.0
60,1479.0666666666666,61.333333333333336,15.0,1.2092175857888032,4.370193722368317,578.1402111883085,204.06666666666666,216.0
61,774.9166666666666,60.916666666666664,12.0,1.6290025362028238,3.9088200952233594,517.1043250972568,197.25,220.0
62,815.8,65.7,10.0,1.865647953384217,3.5682482323055424,472.04950573208737,173.9,192.0
63,1241.7777777777778,66.55555555555556,18.0,1.1095247457045099,4.787307364817192,633.3208701372743,227.38888888888889,248.0
64,474.40909090909093,68.31818181818181,22.0,0.9042474527854789,5.292567428401227,700.1625660489124,210.63636363636363,227.0
65,482.7,67.9,10.0,1.539225409746966,3.5682482323055424,472.04950573208737,200.3,227.0
66,822.7,72.5,20.0,1.2389643882638939,5.046265044040321,667.5788131178341,206.6,234.0
67,1356.642857142857,73.85714285714286,14.0,1.13505476231887,4.222008245644752,558.5365074967536,226.28571428571428,241.0
68,405.46153846153845,79.15384615384616,13.0,1.3932288539245543,4.068428945128219,538.2192458659206,160.53846153846155,176.0
69,333.7692307692308,80.23076923076923,13.0,1.332828266209514,4.068428945128219,538.2192458659206,155.53846153846155,166.0
70,545.4444444444445,83.16666666666667,18.0,1.0780241689001568,4.787307364817192,633.3208701372743,210.66666666666666,239.0
71,283.06666666666666,83.2,15.0,1.257624288160649,4.370193722368317,578.1402111883085,154.13333333333333,171.0
72,517.0833333333334,85.25,12.0,1.1930384709765225,3.9088200952233594,517.1043250972568,220.58333333333334,242.0
73,993.3809523809524,86.04761904761905,21.0,1.2576948637168495,5.170882945826411,684.0647230416189,154.14285714285714,184.0
74,369.3333333333333,86.55555555555556,18.0,1.212777190011954,4.787307364817192,633.3208701372743,208.83333333333334,233.0
75,271.8,87.5,10.0,1.612290114374728,3.5682482323055424,472.04950573208737,146.6,164.0
76,961.6785714285714,90.32142857142857,28.0,0.6981439440930809,5.970821321441846,789.8899039824108,197.60714285714286,230.0
77,420.0,91.0,13.0,1.3932288539245543,4.068428945128219,538.2192458659206,168.3846153846154,196.0
78,732.3846153846154,91.38461538461539,13.0,1.55714602173725,4.068428945128219,538.2192458659206,174.0,199.0
79,431.7,91.8,10.0,1.865647953384217,3.5682482323055424,472.04950573208737,179.6,204.0
80,1187.090909090909,93.0,11.0,1.6931479507216622,3.742410318509555,495.08969838615985,191.1818181818182,210.0
81,1359.357142857143,100.57142857142857,28.0,0.8217631499214431,5.970821321441846,789.8899039824108,191.78571428571428,224.0
82,998.0357142857143,104.46428571428571,28.0,1.2023762996534815,5.970821321441846,789.8899039824108,184.53571428571428,220.0
83,625.75,105.0625,16.0,0.910040521372866,4.51351666838205,597.100642588042,221.25,244.0
84,974.7647058823529,105.05882352941177,17.0,0.9944369366720099,4.652426491681278,615.477254628669,191.2941176470588,213.0
85,599.4,104.2,10.0,1.760039459412564,3.5682482323055424,472.04950573208737,222.0,232.0
86,984.2,107.93333333333334,15.0,1.1032628324079026,4.370193722368317,578.1402111883085,190.86666666666667,209.0
87,1187.909090909091,109.63636363636364,11.0,1.3628608270835645,3.742410318509555,495.08969838615985,174.63636363636363,197.0
88,1215.235294117647,109.52941176470588,17.0,1.2503645433956234,4.652426491681278,615.477254628669,187.94117647058823,212.0
89,606.7,109.9,10.0,1.4072441713995167,3.5682482323055424,472.04950573208737,229.7,245.0
90,840.5384615384615,112.53846153846153,13.0,1.1277750826525963,4.068428945128219,538.2192458659206,218.92307692307693,236.0
92,143.5,119.66666666666667,12.0,1.011965304693013,3.9088200952233594,517.1043250972568,220.83333333333334,236.0
93,346.5357142857143,121.07142857142857,28.0,1.2073870691697866,5.970821321441846,789.8899039824108,203.39285714285714,226.0
94,726.2727272727273,121.0,11.0,1.630632857540224,3.742410318509555,495.08969838615985,151.36363636363637,168.0
95,676.6470588235294,121.11764705882354,17.0,1.290949797799749,4.652426491681278,615.477254628669,211.8235294117647,232.0
96,1187.6363636363637,122.18181818181819,11.0,1.3725291727073354,3.742410318509555,495.08969838615985,221.8181818181818,231.0
97,956.2083333333334,129.45833333333334,24.0,0.6430287018154456,5.527906391541368,731.2959497143268,195.25,216.0
98,1278.2,128.76,25.0,0.8274399960796928,5.641895835477563,746.3758032350524,219.2,243.0
99,552.4615384615385,129.3846153846154,13.0,1.3932288539245543,4.068428945128219,538.2192458659206,140.30769230769232,156.0
100,783.1818181818181,132.72727272727272,11.0,1.4206917336458753,3.742410318509555,495.08969838615985,210.27272727272728,227.0
101,566.0952380952381,135.04761904761904,21.0,1.161826052809369,5.170882945826411,684.0647230416189,151.76190476190476,180.0
102,541.0,140.16666666666666,12.0,1.6290025362028238,3.9088200952233594,517.1043250972568,137.25,155.0
103,759.0,140.2,10.0,1.539225409746966,3.5682482323055424,472.04950573208737,197.7,218.0
104,857.75,140.75,12.0,1.3278012032048616,3.9088200952233594,517.1043250972568,153.83333333333334,176.0
105,912.4,142.8,15.0,1.1328064425998565,4.370193722368317,578.1402111883085,209.4,227.0
106,923.9166666666666,141.91666666666666,12.0,1.6290025362028238,3.9088200952233594,517.1043250972568,185.75,212.0
107,1359.7857142857142,144.57142857142858,14.0,1.008608261948376,4.222008245644752,558.5365074967536,216.92857142857142,228.0
108,868.5,144.5,12.0,1.6170362533406015,3.9088200952233594,517.1043250972568,128.08333333333334,157.0
109,1003.55,145.9,20.0,1.1978046321112854,5.046265044040321,667.5788131178341,150.3,185.0
110,1155.1,146.0,10.0,1.539225409746966,3.5682482323055424,472.04950573208737,203.1,223.0
111,796.5454545454545,152.36363636363637,11.0,1.4822832322288846,3.742410318509555,495.08969838615985,170.9090909090909,188.0
112,603.1764705882352,153.47058823529412,17.0,1.1454006794557343,4.652426491681278,615.477254628669,179.52941176470588,209.0
113,1137.8,155.1,10.0,1.6906834404925906,3.5682482323055424,472.04950573208737,183.9,207.0
114,1376.909090909091,155.36363636363637,11.0,1.3175850953161343,3.742410318509555,495.08969838615985,182.9090909090909,193.0
115,1121.5961538461538,159.1346153846154,52.0,0.5060311038360328,8.136857890256438,1076.4384917318412,204.73076923076923,236.0
116,1306.7894736842106,157.1578947368421,19.0,1.0806731191302783,4.918490759365935,650.6753400411184,182.31578947368422,204.0
117,1027.4166666666667,158.25,12.0,1.4373655585266922,3.9088200952233594,517.1043250972568,159.5,188.0
118,937.3571428571429,162.28571428571428,14.0,1.3503486408234053,4.222008245644752,558.5365074967536,136.0,150.0
119,1158.090909090909,164.36363636363637,11.0,1.5596762428443343,3.742410318509555,495.08969838615985,111.63636363636364,133.0
120,720.9090909090909,165.1818181818182,11.0,1.6931479507216622,3.742410318509555,495.08969838615985,221.0909090909091,243.0
121,355.5,166.0,10.0,1.612290114374728,3.5682482323055424,472.04950573208737,178.5,193.0
122,1228.5,167.66666666666666,12.0,1.4373655585266922,3.9088200952233594,517.1043250972568,133.5,157.0
123,921.6,168.66666666666666,15.0,1.3012789415222263,4.370193722368317,578.1402111883085,145.0,186.0
124,1483.7272727272727,171.36363636363637,11.0,1.4309831025384843,3.742410318509555,495.08969838615985,202.72727272727272,219.0
125,882.5135135135135,175.59459459459458,37.0,0.7043729003905849,6.863662517577698,908.0053538878828,217.8918918918919,240.0
126,193.5,175.8,10.0,1.612290114374728,3.5682482323055424,472.04950573208737,215.3,241.0
127,1089.909090909091,179.27272727272728,11.0,1.100564574356368,3.742410318509555,495.08969838615985,189.8181818181818,217.0
128,167.2,180.0,10.0,1.612290114374728,3.5682482323055424,472.04950573208737,155.3,169.0
129,1381.2857142857142,180.5,14.0,1.2145270120874114,4.222008245644752,558.5365074967536,132.42857142857142,162.0
130,1183.3529411764705,181.41176470588235,17.0,1.2503645433956234,4.652426491681278,615.477254628669,196.64705882352942,219.0
131,313.46153846153845,182.84615384615384,13.0,1.3932288539245543,4.068428945128219,538.2192458659206,181.0,204.0
132,573.1818181818181,182.54545454545453,22.0,1.0433286668601793,5.292567428401227,700.1625660489124,201.0909090909091,227.0
133,304.07142857142856,186.5,14.0,1.4446119424864285,4.222008245644752,558.5365074967536,168.5,198.0
134,1299.7142857142858,187.61904761904762,21.0,0.8876088062675667,5.170882945826411,684.0647230416189,184.8095238095238,209.0
135,1173.7307692307693,189.03846153846155,26.0,0.7480172790469396,5.753627391751592,761.1569570338042,179.57692307692307,215.0
136,822.0,192.36363636363637,11.0,1.679908865456893,3.742410318509555,495.08969838615985,187.8181818181818,214.0
137,186.0,194.5,10.0,1.612290114374728,3.5682482323055424,472.04950573208737,187.2,217.0
138,460.5,195.875,16.0,1.1114798311480198,4.51351666838205,597.100642588042,195.3125,215.0
139,761.6842105263158,194.57894736842104,19.0,1.0276448274741525,4.918490759365935,650.6753400411184,199.73684210526315,228.0
140,1356.45,196.55,20.0,0.82204313889589,5.046265044040321,667.5788131178341,201.55,226.0
141,501.8,200.2,15.0,1.264956630866266,4.370193722368317,578.1402111883085,203.13333333333333,231.0
142,830.25,199.375,16.0,1.0514394701318166,4.51351666838205,597.100642588042,214.25,241.0
143,438.5,199.8,10.0,1.1586623769231554,3.5682482323055424,472.04950573208737,224.2,238.0
144,395.7,200.8,10.0,1.865647953384217,3.5682482323055424,472.04950573208737,132.4,157.0
145,1057.3076923076924,202.92307692307693,13.0,1.2461244004744552,4.068428945128219,538.2192458659206,189.76923076923077,218.0
146,1142.5454545454545,202.54545454545453,11.0,1.3175850953161343,3.742410318509555,495.08969838615985,185.9090909090909,201.0
147,295.2857142857143,203.5,14.0,1.500400304226443,4.222008245644752,558.5365074967536,164.78571428571428,204.0
148,451.7894736842105,202.94736842105263,19.0,1.1168382522426652,4.918490759365935,650.6753400411184,207.0,225.0
149,198.06666666666666,204.8,15.0,1.257624288160649,4.370193722368317,578.1402111883085,208.93333333333334,230.0
150,578.2142857142857,207.64285714285714,14.0,1.4353535174563994,4.222008245644752,558.5365074967536,134.0,148.0
151,854.8148148148148,209.11111111111111,27.0,1.0195257983429347,5.863230142835039,775.6564876458852,148.8148148148148,179.0
152,284.3333333333333,209.85714285714286,21.0,0.7388031899909517,5.170882945826411,684.0647230416189,198.28571428571428,216.0
153,812.0769230769231,212.69230769230768,13.0,1.332828266209514,4.068428945128219,538.2192458659206,129.53846153846155,158.0
154,1394.0,212.0,11.0,1.9524300700267192,3.742410318509555,495.08969838615985,226.63636363636363,240.0
155,85.0,213.5625,16.0,0.8653851178729709,4.51351666838205,597.100642588042,211.4375,225.0
156,75.7,214.3,10.0,1.5271898776880848,3.5682482323055424,472.04950573208737,225.7,241.0
157,1182.642857142857,217.35714285714286,14.0,1.2947179437557332,4.222008245644752,558.5365074967536,171.78571428571428,200.0
158,834.0714285714286,217.28571428571428,14.0,1.2947179437557332,4.222008245644752,558.5365074967536,139.64285714285714,159.0
159,579.5,217.8,10.0,1.612290114374728,3.5682482323055424,472.04950573208737,128.0,143.0
160,848.5,221.2,10.0,1.612290114374728,3.5682482323055424,472.04950573208737,116.6,138.0
161,1380.0666666666666,225.73333333333332,15.0,1.3871977968811426,4.370193722368317,578.1402111883085,128.93333333333334,148.0
162,1133.2666666666667,227.93333333333334,15.0,1.3871977968811426,4.370193722368317,578.1402111883085,202.86666666666667,230.0
163,1482.2777777777778,227.66666666666666,18.0,1.212777190011954,4.787307364817192,633.3208701372743,177.66666666666666,210.0
164,462.1666666666667,231.55555555555554,18.0,0.815260494350521,4.787307364817192,633.3208701372743,196.44444444444446,222.0
165,608.4285714285714,228.9047619047619,21.0,1.0262715978148742,5.170882945826411,684.0647230416189,180.85714285714286,204.0
166,160.86666666666667,229.93333333333334,15.0,1.1092858569436244,4.370193722368317,578.1402111883085,210.86666666666667,246.0
167,452.90909090909093,236.86363636363637,22.0,1.0478986251789888,5.292567428401227,700.1625660489124,218.04545454545453,245.0
168,230.9090909090909,244.1818181818182,11.0,1.6931479507216622,3.742410318509555,495.08969838615985,202.0909090909091,228.0
169,349.17391304347825,248.1304347826087,23.0,1.2164519430572596,5.4115163798060095,715.8985210785033,146.2608695652174,164.0
170,174.8235294117647,249.47058823529412,17.0,1.1454006794557343,4.652426491681278,615.477254628669,181.35294117647058,206.0
171,1102.71875,250.90625,32.0,0.7398388250073596,6.383076486422923,844.4278268496992,215.84375,244.0
172,1206.5294117647059,252.1764705882353,17.0,0.7699682446643813,4.652426491681278,615.477254628669,204.23529411764707,228.0
173,495.5,254.25,16.0,1.117376193315144,4.51351666838205,597.100642588042,175.9375,200.0
174,615.7272727272727,255.36363636363637,11.0,1.4309831025384843,3.742410318509555,495.08969838615985,124.81818181818181,161.0
175,665.4705882352941,259.94117647058823,17.0,1.2503645433956234,4.652426491681278,615.477254628669,223.64705882352942,243.0
176,1232.3636363636363,260.45454545454544,11.0,1.6931479507216622,3.742410318509555,495.08969838615985,206.8181818181818,228.0
177,1137.3636363636363,263.09090909090907,11.0,1.5596762428443343,3.742410318509555,495.08969838615985,164.72727272727272,177.0
178,587.5,268.4230769230769,26.0,1.0004965163447193,5.753627391751592,761.1569570338042,199.8846153846154,222.0
179,597.6363636363636,267.8181818181818,11.0,1.3725291727073354,3.742410318509555,495.08969838615985,185.36363636363637,212.0
180,849.8695652173913,268.5652173913044,23.0,1.1790403893439951,5.4115163798060095,715.8985210785033,147.52173913043478,176.0
181,262.15384615384613,272.0,13.0,1.4480921565708424,4.068428945128219,538.2192458659206,186.46153846153845,214.0
182,817.375,272.625,16.0,1.428467696540757,4.51351666838205,597.100642588042,176.375,195.0
183,863.875,271.4375,16.0,1.2550998818257415,4.51351666838205,597.100642588042,135.75,158.0
184,1308.2631578947369,272.89473684210526,19.0,1.638596736724802,4.918490759365935,650.6753400411184,169.05263157894737,197.0
185,971.3333333333334,273.06666666666666,15.0,1.2092175857888032,4.370193722368317,578.1402111883085,115.73333333333333,140.0
186,1332.8,272.0,10.0,1.539225409746966,3.5682482323055424,472.04950573208737,188.8,210.0
187,304.6363636363636,273.90909090909093,11.0,1.5596762428443343,3.742410318509555,495.08969838615985,176.36363636363637,203.0
188,791.1875,274.6875,16.0,1.0836559833437451,4.51351666838205,597.100642588042,131.5,161.0
189,824.65,278.65,20.0,1.1065010026755895,5.046265044040321,667.5788131178341,190.2,229.0
190,908.2727272727273,279.72727272727275,11.0,1.3175850953161343,3.742410318509555,495.08969838615985,217.72727272727272,233.0
191,480.5,280.2,10.0,1.612290114374728,3.5682482323055424,472.04950573208737,121.4,133.0
192,240.0,281.2,10.0,1.612290114374728,3.5682482323055424,472.04950573208737,194.3,213.0
193,536.625,285.0,16.0,1.1465174146746457,4.51351666838205,597.100642588042,183.8125,213.0
194,804.5384615384615,283.9230769230769,13.0,1.060021787374461,4.068428945128219,538.2192458659206,129.07692307692307,152.0
195,1345.5,289.7857142857143,14.0,1.6111141394746502,4.222008245644752,558.5365074967536,224.71428571428572,243.0
196,352.5,292.27777777777777,18.0,1.0287081837437744,4.787307364817192,633.3208701372743,211.16666666666666,233.0
197,74.04545454545455,292.8636363636364,22.0,0.8465739753686083,5.292567428401227,700.1625660489124,203.54545454545453,235.0
198,423.26666666666665,292.2,15.0,1.1832909515406307,4.370193722368317,578.1402111883085,167.73333333333332,199.0
199,550.0,292.1666666666667,12.0,1.6290025362028238,3.9088200952233594,517.1043250972568,148.33333333333334,168.0
200,708.1818181818181,292.8181818181818,11.0,1.4822832322288846,3.742410318509555,495.08969838615985,205.8181818181818,227.0
201,21.133333333333333,294.73333333333335,15.0,1.015927484384761,4.370193722368317,578.1402111883085,208.13333333333333,234.0
202,1397.4166666666667,295.0,24.0,0.9413249113722444,5.527906391541368,731.2959497143268,185.70833333333334,212.0
203,891.6153846153846,295.61538461538464,13.0,1.55714602173725,4.068428945128219,538.2192458659206,134.69230769230768,154.0
205,531.5416666666666,296.125,24.0,0.9062451540826086,5.527906391541368,731.2959497143268,151.66666666666666,174.0
206,1450.0434782608695,297.3478260869565,23.0,0.9021030400650669,5.4115163798060095,715.8985210785033,183.8695652173913,223.0
207,1505.2631578947369,298.3157894736842,19.0,1.0511759525418103,4.918490759365935,650.6753400411184,191.42105263157896,211.0
208,214.5,299.0,10.0,1.612290114374728,3.5682482323055424,472.04950573208737,159.3,187.0
209,911.3461538461538,301.15384615384613,26.0,0.9147087114173689,5.753627391751592,761.1569570338042,185.65384615384616,218.0
210,372.3529411764706,302.1764705882353,17.0,1.1454006794557343,4.652426491681278,615.477254628669,219.23529411764707,239.0
211,871.0909090909091,306.72727272727275,11.0,1.3175850953161343,3.742410318509555,495.08969838615985,188.9090909090909,199.0
212,1048.3636363636363,305.90909090909093,11.0,1.5596762428443343,3.742410318509555,495.08969838615985,182.72727272727272,197.0
213,1105.1333333333334,314.3,30.0,0.7189179233547599,6.180387232371033,817.6137276157513,208.0,238.0
214,1117.75,314.75,12.0,1.4473907532219665,3.9088200952233594,517.1043250972568,198.33333333333334,226.0
215,1418.9285714285713,315.64285714285717,14.0,1.2947179437557332,4.222008245644752,558.5365074967536,206.35714285714286,217.0
216,1159.125,317.6875,16.0,1.255099881825741,4.51351666838205,597.100642588042,225.5625,242.0
217,1033.4,318.8,10.0,1.760039459412564,3.5682482323055424,472.04950573208737,131.6,163.0
218,383.38461538461536,319.61538461538464,13.0,1.55714602173725,4.068428945128219,538.2192458659206,135.3846153846154,147.0
219,528.6666666666666,320.9166666666667,12.0,1.4373655585266916,3.9088200952233594,517.1043250972568,134.5,150.0
220,599.8,320.76666666666665,30.0,0.9200189782204795,6.180387232371033,817.6137276157513,219.46666666666667,242.0
221,685.5333333333333,320.0,15.0,1.3956938909918393,4.370193722368317,578.1402111883085,188.4,213.0
222,1070.344827586207,324.9655172413793,29.0,0.7319212417614402,6.076507779746499,803.8713416956305,202.31034482758622,232.0
223,880.4,325.6,15.0,1.4468021151679342,4.370193722368317,578.1402111883085,186.4,210.0
224,1080.2222222222222,326.55555555555554,18.0,0.8987917976142308,4.787307364817192,633.3208701372743,195.27777777777777,234.0
225,764.625,331.625,16.0,0.9144072744389107,4.51351666838205,597.100642588042,212.25,247.0
226,1431.2,333.6666666666667,15.0,1.2576242881606488,4.370193722368317,578.1402111883085,127.73333333333333,144.0
227,412.09090909090907,336.27272727272725,11.0,1.3628608270835645,3.742410318509555,495.08969838615985,129.0909090909091,145.0
228,977.6428571428571,336.14285714285717,14.0,1.13505476231887,4.222008245644752,558.5365074967536,139.78571428571428,180.0
229,355.4,339.4,10.0,1.238964388257786,3.5682482323055424,472.04950573208737,121.6,145.0
230,1125.9285714285713,340.85714285714283,14.0,1.2947179437557332,4.222008245644752,558.5365074967536,180.71428571428572,204.0
231,148.0,344.3529411764706,17.0,1.37044659722731,4.652426491681278,615.477254628669,213.11764705882354,234.0
232,720.0,343.45454545454544,11.0,1.2658753953015107,3.742410318509555,495.08969838615985,197.36363636363637,219.0
233,68.18181818181819,344.54545454545456,11.0,1.4822832322288846,3.742410318509555,495.08969838615985,130.9090909090909,146.0
234,908.5,345.125,24.0,0.886013325199113,5.527906391541368,731.2959497143268,203.29166666666666,226.0
235,1488.0,345.5,10.0,1.2566370614233509,3.5682482323055424,472.04950573208737,191.6,201.0
236,1037.7826086956522,351.4347826086956,23.0,0.8091653985615183,5.4115163798060095,715.8985210785033,181.2173913043478,203.0
237,749.3125,352.9375,16.0,1.2972054426501372,4.51351666838205,597.100642588042,167.0,187.0
238,928.2142857142857,354.64285714285717,14.0,1.4353535174563994,4.222008245644752,558.5365074967536,164.14285714285714,187.0
239,872.5,355.0,10.0,1.612290114374728,3.5682482323055424,472.04950573208737,117.8,131.0
240,1507.5,359.0,16.0,1.4796776500065523,4.51351666838205,597.100642588042,195.9375,221.0
241,1308.0,360.35714285714283,14.0,1.2947179437557332,4.222008245644752,558.5365074967536,177.78571428571428,204.0
242,1069.6363636363637,362.45454545454544,11.0,1.4822832322288846,3.742410318509555,495.08969838615985,217.9090909090909,231.0
243,1008.1111111111111,367.44444444444446,18.0,1.3239153988894836,4.787307364817192,633.3208701372743,146.55555555555554,175.0
244,757.4615384615385,367.0769230769231,13.0,1.2924583435578991,4.068428945128219,538.2192458659206,145.30769230769232,171.0
245,705.8333333333334,368.0833333333333,12.0,1.4373655585266922,3.9088200952233594,517.1043250972568,203.41666666666666,235.0
246,1026.357142857143,369.2142857142857,14.0,1.4353535174563994,4.222008245644752,558.5365074967536,170.35714285714286,185.0
247,991.5,370.0,10.0,1.612290114374728,3.5682482323055424,472.04950573208737,167.8,177.0
248,374.1666666666667,372.9166666666667,12.0,1.4373655585266922,3.9088200952233594,517.1043250972568,145.75,163.0
249,1185.2142857142858,373.5,14.0,1.2947179437557332,4.222008245644752,558.5365074967536,217.42857142857142,234.0
250,269.17391304347825,375.5217391304348,23.0,0.86511144440387,5.4115163798060095,715.8985210785033,217.52173913043478,236.0
251,1115.1818181818182,379.54545454545456,11.0,1.4822832322288846,3.742410318509555,495.08969838615985,121.72727272727273,155.0
252,642.0,383.0,16.0,1.1768136879017634,4.51351666838205,597.100642588042,191.875,214.0
253,667.3846153846154,383.2307692307692,13.0,1.3841297971012434,4.068428945128219,538.2192458659206,142.84615384615384,168.0
254,368.53333333333336,384.8666666666667,15.0,1.3871977968811426,4.370193722368317,578.1402111883085,143.6,153.0
255,74.3913043478261,385.60869565217394,23.0,1.0681179896638562,5.4115163798060095,715.8985210785033,208.91304347826087,230.0
256,1150.0555555555557,388.1111111111111,18.0,1.323915398889484,4.787307364817192,633.3208701372743,137.16666666666666,171.0
257,883.0,393.5,22.0,1.1277777637203432,5.292567428401227,700.1625660489124,199.6818181818182,224.0
258,176.56521739130434,394.60869565217394,23.0,0.927066815774389,5.4115163798060095,715.8985210785033,218.1304347826087,246.0
259,1054.0,395.0,23.0,0.7174584311932684,5.4115163798060095,715.8985210785033,198.04347826086956,226.0
260,64.0909090909091,395.6363636363636,11.0,1.5596762428443343,3.742410318509555,495.08969838615985,137.36363636363637,159.0
261,654.6875,399.6875,16.0,1.221751902157892,4.51351666838205,597.100642588042,189.5,212.0
262,511.7,399.8,10.0,1.612290114374728,3.5682482323055424,472.04950573208737,185.3,204.0
263,389.6666666666667,402.9166666666667,12.0,1.4373655585266916,3.9088200952233594,517.1043250972568,149.58333333333334,175.0
264,647.25,404.6875,16.0,1.2550998818257415,4.51351666838205,597.100642588042,216.875,230.0
265,367.64285714285717,407.42857142857144,14.0,1.0353334664807161,4.222008245644752,558.5365074967536,172.64285714285714,190.0
266,907.3333333333334,408.3333333333333,12.0,1.4373655585266922,3.9088200952233594,517.1043250972568,215.0,243.0
267,308.09090909090907,410.3636363636364,11.0,1.5596762428443343,3.742410318509555,495.08969838615985,158.1818181818182,178.0
268,784.4545454545455,414.0,11.0,1.4309831025384843,3.742410318509555,495.08969838615985,221.8181818181818,240.0
269,858.6086956521739,416.69565217391306,23.0,1.063518310946123,5.4115163798060095,715.8985210785033,230.0,248.0
270,1005.8636363636364,418.0,22.0,1.3175850953224135,5.292567428401227,700.1625660489124,152.8181818181818,183.0
271,514.2592592592592,422.6296296296296,27.0,0.9747579606095104,5.863230142835039,775.6564876458852,213.33333333333334,233.0
272,187.16666666666666,422.6666666666667,12.0,1.1165551127934714,3.9088200952233594,517.1043250972568,207.25,224.0
273,1156.5,423.3,10.0,1.760039459412564,3.5682482323055424,472.04950573208737,209.3,227.0
274,791.6363636363636,426.27272727272725,11.0,1.100564574356368,3.742410318509555,495.08969838615985,220.72727272727272,245.0
275,1300.9285714285713,426.7142857142857,14.0,1.13505476231887,4.222008245644752,558.5365074967536,207.5,235.0
276,63.81818181818182,427.45454545454544,11.0,1.4822832322288846,3.742410318509555,495.08969838615985,122.36363636363636,135.0
277,1200.1666666666667,427.0833333333333,12.0,1.4373655585266922,3.9088200952233594,517.1043250972568,212.0,243.0
278,1167.5,430.3333333333333,24.0,0.9163139266212029,5.527906391541368,731.2959497143268,172.08333333333334,208.0
279,533.3636363636364,431.6363636363636,11.0,1.2171511029377897,3.742410318509555,495.08969838615985,203.8181818181818,226.0
280,547.8,434.12,25.0,0.9193856936759434,5.641895835477563,746.3758032350524,211.04,241.0
281,635.625,433.0,16.0,1.341465907371359,4.51351666838205,597.100642588042,200.8125,228.0
282,709.2666666666667,432.2,15.0,1.1032628324079028,4.370193722368317,578.1402111883085,199.8,223.0
283,122.75,437.5,20.0,0.9058449937228015,5.046265044040321,667.5788131178341,222.85,247.0
284,1071.25,439.0833333333333,12.0,1.6290025362028238,3.9088200952233594,517.1043250972568,199.33333333333334,213.0
285,248.33333333333334,442.46666666666664,15.0,1.1032628324079028,4.370193722368317,578.1402111883085,185.8,208.0
286,879.6153846153846,442.9230769230769,13.0,0.9561611214201826,4.068428945128219,538.2192458659206,211.6153846153846,239.0
287,794.0,443.8,10.0,1.612290114374728,3.5682482323055424,472.04950573208737,174.5,193.0
288,408.5,443.8,10.0,1.612290114374728,3.5682482323055424,472.04950573208737,102.2,119.0
289,766.1666666666666,444.0833333333333,12.0,1.4373655585266922,3.9088200952233594,517.1043250972568,130.08333333333334,154.0
290,430.1,446.8,10.0,1.6906834404925906,3.5682482323055424,472.04950573208737,157.9,176.0
291,503.1666666666667,446.0833333333333,12.0,1.4373655585266922,3.9088200952233594,517.1043250972568,186.58333333333334,215.0
292,685.2,452.3333333333333,15.0,1.257624288160649,4.370193722368317,578.1402111883085,121.0,142.0
293,1498.0,458.5,10.0,1.2566370614233509,3.5682482323055424,472.04950573208737,219.3,236.0
294,93.23529411764706,462.3529411764706,17.0,0.7480167702581976,4.652426491681278,615.477254628669,159.64705882352942,186.0
295,890.6666666666666,462.73333333333335,15.0,1.3871977968811426,4.370193722368317,578.1402111883085,210.2,235.0
296,902.4736842105264,464.94736842105266,38.0,0.7831902459874431,6.955796338302048,920.193890587875,215.05263157894737,241.0
297,865.8181818181819,468.27272727272725,11.0,1.4309831025384843,3.742410318509555,495.08969838615985,156.36363636363637,184.0
298,576.0833333333334,474.1666666666667,12.0,1.4373655585266922,3.9088200952233594,517.1043250972568,165.33333333333334,175.0
299,1003.0666666666667,473.73333333333335,15.0,1.3871977968811426,4.370193722368317,578.1402111883085,210.26666666666668,228.0
300,1074.388888888889,475.55555555555554,18.0,1.1150679494375046,4.787307364817192,633.3208701372743,149.94444444444446,190.0
301,940.5,478.0,16.0,1.4796776500065523,4.51351666838205,597.100642588042,181.625,218.0
302,729.2,479.5,10.0,1.612290114374728,3.5682482323055424,472.04950573208737,137.2,170.0
303,863.0,480.0,11.0,1.4822832322288846,3.742410318509555,495.08969838615985,141.8181818181818,150.0
304,747.1666666666666,481.26666666666665,30.0,0.6600147972878001,6.180387232371033,817.6137276157513,209.96666666666667,234.0
305,877.1428571428571,484.85714285714283,21.0,1.1305407511439014,5.170882945826411,684.0647230416189,142.23809523809524,172.0
306,388.7,486.2,10.0,1.865647953384217,3.5682482323055424,472.04950573208737,216.5,235.0
307,100.07142857142857,490.35714285714283,14.0,1.0631351275997936,4.222008245644752,558.5365074967536,155.21428571428572,181.0
308,288.6521739130435,493.2173913043478,23.0,0.732497237155566,5.4115163798060095,715.8985210785033,203.43478260869566,231.0
309,1499.375,492.75,16.0,1.2550998818257415,4.51351666838205,597.100642588042,141.1875,156.0
310,195.64285714285714,496.64285714285717,14.0,1.3918782161392764,4.222008245644752,558.5365074967536,154.57142857142858,178.0
311,808.8461538461538,497.0,13.0,1.55714602173725,4.068428945128219,538.2192458659206,216.23076923076923,237.0
312,532.875,498.6666666666667,24.0,1.3278012032107074,5.527906391541368,731.2959497143268,190.25,209.0
313,1406.5217391304348,499.1304347826087,23.0,0.9492036674205843,5.4115163798060095,715.8985210785033,207.30434782608697,230.0
314,276.0,498.52941176470586,17.0,0.9449766485344943,4.652426491681278,615.477254628669,210.0,236.0
315,829.0,500.07142857142856,14.0,1.1044048881045887,4.222008245644752,558.5365074967536,205.64285714285714,229.0
316,375.72727272727275,499.8181818181818,11.0,1.4309831025384843,3.742410318509555,495.08969838615985,192.8181818181818,216.0
317,1529.3636363636363,500.27272727272725,11.0,1.3175850953161339,3.742410318509555,495.08969838615985,195.27272727272728,216.0
318,338.7857142857143,503.35714285714283,14.0,1.4353535174563994,4.222008245644752,558.5365074967536,148.64285714285714,170.0
319,819.5,502.5,10.0,1.1586623769231554,3.5682482323055424,472.04950573208737,207.7,233.0
320,1012.0909090909091,504.6363636363636,11.0,1.5596762428443343,3.742410318509555,495.08969838615985,187.45454545454547,221.0
321,463.7,505.1,10.0,1.612290114374728,3.5682482323055424,472.04950573208737,210.9,240.0
322,1464.2142857142858,505.0,14.0,1.2574302462218747,4.222008245644752,558.5365074967536,193.78571428571428,222.0
323,512.1538461538462,507.61538461538464,13.0,1.2461244004744554,4.068428945128219,538.2192458659206,227.53846153846155,243.0
324,653.2,508.0,15.0,1.1832909515406307,4.370193722368317,578.1402111883085,207.93333333333334,228.0
325,497.38461538461536,509.15384615384613,13.0,1.2022380906303238,4.068428945128219,538.2192458659206,207.3846153846154,239.0
326,1136.5,509.0,10.0,1.612290114374728,3.5682482323055424,472.04950573208737,116.2,134.0
327,349.6,510.7,10.0,1.4823935068547494,3.5682482323055424,472.04950573208737,144.2,157.0
328,506.3076923076923,511.6923076923077,13.0,1.3414253751659695,4.068428945128219,538.2192458659206,203.0,231.0
329,370.9375,519.5625,16.0,1.1465174146746457,4.51351666838205,597.100642588042,116.375,140.0
330,672.4166666666666,522.3333333333334,12.0,1.2382388078455102,3.9088200952233594,517.1043250972568,186.66666666666666,211.0
331,875.5,523.5,14.0,1.500400304226443,4.222008245644752,558.5365074967536,192.0,221.0
332,1321.5,525.0,10.0,1.612290114374728,3.5682482323055424,472.04950573208737,183.6,204.0
333,232.71428571428572,526.0,14.0,1.13505476231887,4.222008245644752,558.5365074967536,204.57142857142858,235.0
334,474.0833333333333,527.25,12.0,1.6290025362028238,3.9088200952233594,517.1043250972568,199.16666666666666,230.0
335,593.9,527.9,10.0,1.539225409746966,3.5682482323055424,472.04950573208737,210.1,232.0
336,854.5833333333334,527.4166666666666,12.0,1.4973045520443662,3.9088200952233594,517.1043250972568,115.16666666666667,145.0
337,1229.0,532.8,10.0,1.612290114374728,3.5682482323055424,472.04950573208737,185.1,200.0
338,555.1,535.8,10.0,1.865647953384217,3.5682482323055424,472.04950573208737,165.6,191.0
339,947.55,536.85,20.0,1.0577842983106607,5.046265044040321,667.5788131178341,222.5,242.0
340,102.0,537.5,16.0,1.4796776500065523,4.51351666838205,597.100642588042,138.6875,171.0
341,579.7857142857143,537.3571428571429,14.0,1.4353535174563994,4.222008245644752,558.5365074967536,134.07142857142858,163.0
342,1003.5,544.7142857142857,14.0,1.500400304226443,4.222008245644752,558.5365074967536,230.92857142857142,247.0
343,228.0909090909091,547.0,11.0,1.6931479507216622,3.742410318509555,495.08969838615985,205.36363636363637,228.0
344,530.1,545.7,10.0,1.539225409746966,3.5682482323055424,472.04950573208737,183.1,204.0
345,718.9090909090909,551.3636363636364,11.0,1.5596762428443343,3.742410318509555,495.08969838615985,213.63636363636363,230.0
346,859.8333333333334,555.1666666666666,12.0,1.8616845354376343,3.9088200952233594,517.1043250972568,212.91666666666666,236.0
347,512.1944444444445,562.9722222222222,36.0,1.0357162325265317,6.770275002573076,895.6509638820631,187.38888888888889,213.0
348,831.3,561.2,10.0,1.612290114374728,3.5682482323055424,472.04950573208737,132.8,151.0
349,786.0714285714286,562.7142857142857,14.0,1.2947179437557332,4.222008245644752,558.5365074967536,133.14285714285714,151.0
350,1417.904761904762,568.0,21.0,0.7610412832459463,5.170882945826411,684.0647230416189,175.42857142857142,201.0
351,319.7142857142857,567.0714285714286,14.0,1.2145270120874114,4.222008245644752,558.5365074967536,212.5,230.0
352,1033.75,570.6666666666666,12.0,1.4373655585266922,3.9088200952233594,517.1043250972568,194.58333333333334,218.0
353,104.6875,572.3125,16.0,1.2898320915080566,4.51351666838205,597.100642588042,198.6875,218.0
354,213.5,571.5,12.0,1.1930384709765223,3.9088200952233594,517.1043250972568,159.25,177.0
355,1517.2941176470588,573.7058823529412,17.0,1.2981113960427602,4.652426491681278,615.477254628669,190.64705882352942,223.0
356,1099.3,575.7,10.0,1.5271898776880848,3.5682482323055424,472.04950573208737,193.8,208.0
357,565.1428571428571,580.6071428571429,28.0,0.8028247786632001,5.970821321441846,789.8899039824108,183.85714285714286,208.0
358,656.6428571428571,580.2142857142857,14.0,1.4353535174563994,4.222008245644752,558.5365074967536,212.07142857142858,233.0
359,901.75,585.6666666666666,12.0,1.4373655585266922,3.9088200952233594,517.1043250972568,195.41666666666666,225.0
360,478.2857142857143,597.5,14.0,1.500400304226443,4.222008245644752,558.5365074967536,216.21428571428572,228.0
361,347.1666666666667,602.4444444444445,18.0,0.8757757225696753,4.787307364817192,633.3208701372743,198.22222222222223,224.0
362,502.8125,600.25,16.0,1.1832382474065328,4.51351666838205,597.100642588042,189.75,224.0
363,806.1428571428571,603.7857142857143,14.0,1.400718549180832,4.222008245644752,558.5365074967536,140.21428571428572,167.0
364,967.3684210526316,603.7368421052631,19.0,1.2801537005681733,4.918490759365935,650.6753400411184,155.05263157894737,177.0
365,279.375,611.9375,16.0,0.8852008021404716,4.51351666838205,597.100642588042,227.125,243.0
366,649.8333333333334,610.1111111111111,18.0,1.3311430283323493,4.787307364817192,633.3208701372743,190.5,230.0
367,1291.8181818181818,610.7272727272727,11.0,1.5479685885394687,3.742410318509555,495.08969838615985,129.0,155.0
368,911.2727272727273,617.8181818181819,11.0,1.4309831025384843,3.742410318509555,495.08969838615985,185.0,198.0
369,548.5,621.0,10.0,1.612290114374728,3.5682482323055424,472.04950573208737,142.3,173.0
370,521.5454545454545,623.3636363636364,11.0,1.4822832322288846,3.742410318509555,495.08969838615985,193.1818181818182,209.0
371,880.9473684210526,625.7894736842105,19.0,0.969583867887215,4.918490759365935,650.6753400411184,218.0,243.0
372,1117.48,638.04,25.0,0.813058580994088,5.641895835477563,746.3758032350524,162.68,180.0
373,196.2,638.0,10.0,1.612290114374728,3.5682482323055424,472.04950573208737,215.3,238.0
374,1088.3,639.6,10.0,1.612290114374728,3.5682482323055424,472.04950573208737,120.3,135.0
375,710.7647058823529,645.8235294117648,17.0,0.9449766485344943,4.652426491681278,615.477254628669,197.1764705882353,221.0
376,312.0,646.8,10.0,1.612290114374728,3.5682482323055424,472.04950573208737,196.7,219.0
377,670.4166666666666,645.9166666666666,12.0,1.3903948523077867,3.9088200952233594,517.1043250972568,169.5,199.0
378,1074.3333333333333,646.75,12.0,1.4373655585266922,3.9088200952233594,517.1043250972568,138.58333333333334,162.0
379,1038.4642857142858,647.8928571428571,28.0,0.8083033329960524,5.970821321441846,789.8899039824108,222.64285714285714,245.0
380,581.1538461538462,648.3846153846154,13.0,1.332828266209514,4.068428945128219,538.2192458659206,182.76923076923077,203.0
381,813.5,649.25,16.0,1.2898320915080566,4.51351666838205,597.100642588042,149.3125,174.0
382,216.08695652173913,651.9565217391304,23.0,1.063518310946123,5.4115163798060095,715.8985210785033,212.34782608695653,234.0
383,842.4102564102565,657.5384615384615,39.0,0.752463403875308,7.046725639945928,932.22307945118,198.0,223.0
384,444.7647058823529,657.8235294117648,17.0,1.2503645433956234,4.652426491681278,615.477254628669,199.8235294117647,228.0
385,1276.7272727272727,658.1818181818181,11.0,1.4309831025384843,3.742410318509555,495.08969838615985,207.72727272727272,221.0
386,880.1111111111111,667.4444444444445,18.0,1.0780241689001568,4.787307364817192,633.3208701372743,183.05555555555554,215.0
387,476.3181818181818,671.1363636363636,22.0,0.6008805933086506,5.292567428401227,700.1625660489124,211.77272727272728,232.0
388,517.3809523809524,674.5238095238095,21.0,0.90554030187734,5.170882945826411,684.0647230416189,193.1904761904762,216.0
389,118.15384615384616,684.6153846153846,13.0,1.2461244004744554,4.068428945128219,538.2192458659206,184.3846153846154,196.0
390,232.9,683.95,20.0,0.866020876296479,5.046265044040321,667.5788131178341,193.4,212.0
391,745.1764705882352,685.3529411764706,17.0,1.2503645433956234,4.652426491681278,615.477254628669,138.1764705882353,178.0
392,1034.2222222222222,686.0555555555555,18.0,1.000563510212994,4.787307364817192,633.3208701372743,196.44444444444446,220.0
393,1296.5,686.0,10.0,1.612290114374728,3.5682482323055424,472.04950573208737,189.4,207.0
394,1190.8333333333333,689.2777777777778,18.0,0.9958509024080305,4.787307364817192,633.3208701372743,205.16666666666666,230.0
395,1204.3846153846155,687.8461538461538,26.0,0.9598477689657058,5.753627391751592,761.1569570338042,207.6153846153846,240.0
396,33.0,688.7058823529412,17.0,1.1454006794557343,4.652426491681278,615.477254628669,149.41176470588235,177.0
397,1461.6666666666667,692.6666666666666,30.0,1.0106476583460042,6.180387232371033,817.6137276157513,172.93333333333334,196.0
398,846.6086956521739,699.0,23.0,1.063518310946123,5.4115163798060095,715.8985210785033,136.43478260869566,176.0
399,1117.4166666666667,698.75,12.0,1.4373655585266922,3.9088200952233594,517.1043250972568,194.91666666666666,212.0
400,812.4285714285714,702.2142857142857,14.0,0.977704169150751,4.222008245644752,558.5365074967536,210.57142857142858,229.0
401,360.1,708.1,10.0,1.4710171098685936,3.5682482323055424,472.04950573208737,213.3,240.0
402,884.5,714.3,10.0,1.760039459412564,3.5682482323055424,472.04950573208737,135.7,156.0
403,1444.6,715.2,10.0,1.760039459412564,3.5682482323055424,472.04950573208737,194.5,214.0
404,306.72727272727275,718.8181818181819,11.0,1.4309831025384843,3.742410318509555,495.08969838615985,187.72727272727272,203.0
405,341.77272727272725,719.9545454545455,22.0,0.9680217026870791,5.292567428401227,700.1625660489124,191.0909090909091,219.0
406,65.63636363636364,719.9090909090909,11.0,1.5596762428443343,3.742410318509555,495.08969838615985,125.27272727272727,143.0
407,594.5,720.7142857142857,14.0,1.098212396597524,4.222008245644752,558.5365074967536,205.35714285714286,231.0
408,632.0714285714286,720.5,14.0,1.2145270120874114,4.222008245644752,558.5365074967536,197.35714285714286,223.0
409,845.9285714285714,730.7857142857143,14.0,1.391878216139276,4.222008245644752,558.5365074967536,190.64285714285714,215.0
410,226.30769230769232,730.0,13.0,1.3932288539245543,4.068428945128219,538.2192458659206,207.46153846153845,232.0
411,490.0833333333333,729.75,12.0,1.6290025362028238,3.9088200952233594,517.1043250972568,195.41666666666666,223.0
412,1002.6451612903226,732.0,31.0,0.7189086604749563,6.282549314314218,831.1289197061517,223.25806451612902,247.0
413,835.2631578947369,733.1578947368421,19.0,1.177016168850699,4.918490759365935,650.6753400411184,197.47368421052633,236.0
414,890.3333333333334,738.5333333333333,15.0,1.3871977968811426,4.370193722368317,578.1402111883085,170.8,197.0
415,481.04761904761904,745.9047619047619,21.0,1.222487344851223,5.170882945826411,684.0647230416189,145.9047619047619,183.0
416,905.4642857142857,748.6785714285714,28.0,0.8917357669719939,5.970821321441846,789.8899039824108,211.14285714285714,237.0
417,580.9230769230769,750.4615384615385,13.0,1.6911618484545725,4.068428945128219,538.2192458659206,194.6153846153846,214.0
418,221.43333333333334,760.1,30.0,1.1766561392153054,6.180387232371033,817.6137276157513,182.0,203.0
419,146.85714285714286,759.9285714285714,14.0,1.3503486408234053,4.222008245644752,558.5365074967536,180.71428571428572,213.0
420,522.5454545454545,772.8181818181819,11.0,1.4822832322288846,3.742410318509555,495.08969838615985,141.72727272727272,161.0
421,935.0588235294117,782.4705882352941,17.0,1.0844284681796732,4.652426491681278,615.477254628669,214.05882352941177,236.0
422,964.1,784.4,10.0,1.551403779531362,3.5682482323055424,472.04950573208737,193.1,211.0
423,959.2352941176471,799.7647058823529,17.0,0.9992763309539637,4.652426491681278,615.477254628669,172.88235294117646,195.0
424,990.578947368421,806.2105263157895,19.0,1.248584370781532,4.918490759365935,650.6753400411184,157.6315789473684,181.0
425,1277.5,806.0,10.0,1.612290114374728,3.5682482323055424,472.04950573208737,164.8,178.0
426,1032.25,812.875,16.0,1.0780241688995145,4.51351666838205,597.100642588042,176.375,205.0
427,429.3636363636364,816.0909090909091,11.0,1.5596762428443343,3.742410318509555,495.08969838615985,194.1818181818182,221.0
428,1087.2666666666667,818.0666666666667,15.0,1.0748600762574803,4.370193722368317,578.1402111883085,212.6,230.0
429,1163.8666666666666,823.2666666666667,15.0,1.015927484384761,4.370193722368317,578.1402111883085,193.53333333333333,219.0
430,1429.9411764705883,824.4117647058823,17.0,0.9194716877400316,4.652426491681278,615.477254628669,202.35294117647058,231.0
431,1230.8333333333333,824.3333333333334,12.0,1.1855325518954918,3.9088200952233594,517.1043250972568,198.0,220.0
432,278.6666666666667,825.6666666666666,18.0,1.0237955865444741,4.787307364817192,633.3208701372743,205.05555555555554,225.0
433,647.5,826.75,12.0,1.1930384709765225,3.9088200952233594,517.1043250972568,222.08333333333334,238.0
434,1067.75,827.25,12.0,1.4473907532219665,3.9088200952233594,517.1043250972568,134.08333333333334,165.0
435,656.5454545454545,833.0,11.0,1.5479685885394687,3.742410318509555,495.08969838615985,217.0909090909091,232.0
436,1193.6206896551723,834.7586206896551,29.0,0.9598303954524439,6.076507779746499,803.8713416956305,185.41379310344828,214.0
437,1023.2,840.35,20.0,1.0817313973412137,5.046265044040321,667.5788131178341,218.35,235.0
438,845.5,846.5,14.0,1.500400304226443,4.222008245644752,558.5365074967536,148.07142857142858,172.0
439,922.8888888888889,849.1666666666666,18.0,1.212777190011954,4.787307364817192,633.3208701372743,227.5,246.0
440,793.7142857142857,859.5,14.0,1.6111141394746502,4.222008245644752,558.5365074967536,194.78571428571428,215.0
441,933.1428571428571,859.0714285714286,14.0,1.3503486408234053,4.222008245644752,558.5365074967536,210.14285714285714,232.0
442,455.72727272727275,865.4545454545455,11.0,1.5596762428443343,3.742410318509555,495.08969838615985,208.63636363636363,233.0
443,504.7857142857143,864.8571428571429,14.0,2.58943588749241,4.222008245644752,558.5365074967536,208.14285714285714,234.0
444,705.3,865.35,20.0,1.1978046321112854,5.046265044040321,667.5788131178341,140.3,161.0
445,328.7857142857143,867.8571428571429,14.0,1.400718549180832,4.222008245644752,558.5365074967536,199.42857142857142,224.0
446,361.9,869.8,10.0,1.347530211117168,3.5682482323055424,472.04950573208737,185.5,211.0
447,1336.9166666666667,871.0833333333334,12.0,1.6290025362028238,3.9088200952233594,517.1043250972568,206.91666666666666,224.0
448,486.6923076923077,872.0,13.0,1.3932288539245543,4.068428945128219,538.2192458659206,176.53846153846155,200.0
449,509.7,872.8,10.0,1.865647953384217,3.5682482323055424,472.04950573208737,199.4,212.0
450,907.5,873.2,10.0,1.612290114374728,3.5682482323055424,472.04950573208737,204.0,214.0
451,340.5,876.7142857142857,14.0,1.500400304226443,4.222008245644752,558.5365074967536,208.0,232.0
452,679.9,883.1,10.0,1.4178874934948493,3.5682482323055424,472.04950573208737,181.4,201.0
453,769.1,886.3,10.0,1.1978046321055769,3.5682482323055424,472.04950573208737,207.9,232.0
454,818.3,895.2,10.0,1.612290114374728,3.5682482323055424,472.04950573208737,193.5,209.0
455,587.8,908.7,10.0,1.6906834404925906,3.5682482323055424,472.04950573208737,179.3,202.0
456,731.5,915.8,10.0,1.7749364272970176,3.5682482323055424,472.04950573208737,216.2,240.0
457,1156.6666666666667,919.6666666666666,12.0,1.4373655585266922,3.9088200952233594,517.1043250972568,159.25,174.0
458,1523.4545454545455,926.5454545454545,11.0,1.274528614615471,3.742410318509555,495.08969838615985,200.1818181818182,212.0
459,1056.1764705882354,926.4705882352941,17.0,0.9194716877400316,4.652426491681278,615.477254628669,207.52941176470588,232.0
460,1223.5625,927.5625,16.0,1.1056300185350292,4.51351666838205,597.100642588042,178.6875,220.0
461,1309.3333333333333,934.8888888888889,18.0,1.000563510212994,4.787307364817192,633.3208701372743,214.22222222222223,241.0
462,760.6363636363636,935.1818181818181,11.0,1.0172783843795046,3.742410318509555,495.08969838615985,186.54545454545453,203.0
463,864.9166666666666,935.6666666666666,12.0,1.4373655585266916,3.9088200952233594,517.1043250972568,140.16666666666666,161.0
464,899.9285714285714,940.8571428571429,28.0,0.9267327956092561,5.970821321441846,789.8899039824108,227.25,248.0
465,467.75,941.6875,16.0,1.2150115743997634,4.51351666838205,597.100642588042,204.6875,223.0
466,1202.7272727272727,952.9090909090909,11.0,1.3175850953161343,3.742410318509555,495.08969838615985,185.54545454545453,202.0
467,1151.2,961.0,10.0,1.612290114374728,3.5682482323055424,472.04950573208737,132.5,157.0
468,1421.0,964.9333333333333,15.0,1.2231020623551472,4.370193722368317,578.1402111883085,212.6,228.0
469,1451.92,968.28,25.0,0.7666824818503997,5.641895835477563,746.3758032350524,210.84,236.0
470,767.9166666666666,968.9166666666666,12.0,1.6290025362028238,3.9088200952233594,517.1043250972568,148.91666666666666,166.0
471,818.1333333333333,970.5333333333333,15.0,1.257624288160649,4.370193722368317,578.1402111883085,189.46666666666667,212.0
472,697.8571428571429,982.0952380952381,21.0,0.9511372434089416,5.170882945826411,684.0647230416189,142.23809523809524,161.0
473,1305.1,984.2,10.0,1.6906834404925906,3.5682482323055424,472.04950573208737,171.3,191.0
474,1018.0,985.5,10.0,1.612290114374728,3.5682482323055424,472.04950573208737,162.7,183.0
475,384.72727272727275,989.0909090909091,11.0,1.3175850953161343,3.742410318509555,495.08969838615985,202.63636363636363,221.0
476,626.3684210526316,996.9473684210526,19.0,1.2801537005681733,4.918490759365935,650.6753400411184,151.42105263157896,187.0
477,884.0833333333334,996.0833333333334,12.0,1.6290025362028238,3.9088200952233594,517.1043250972568,170.0,195.0
478,807.8260869565217,1000.7391304347826,23.0,0.6639634521039002,5.4115163798060095,715.8985210785033,173.3913043478261,199.0
479,266.1111111111111,1001.7777777777778,18.0,1.212777190011954,4.787307364817192,633.3208701372743,209.05555555555554,237.0
480,366.45454545454544,1009.5454545454545,11.0,1.2171511029377897,3.742410318509555,495.08969838615985,197.54545454545453,214.0
481,20.384615384615383,1011.7692307692307,13.0,1.3932288539245543,4.068428945128219,538.2192458659206,199.0,225.0
482,329.0,1014.8461538461538,13.0,1.3932288539245543,4.068428945128219,538.2192458659206,202.30769230769232,218.0
483,1110.5,1014.875,16.0,1.2217519021578918,4.51351666838205,597.100642588042,179.0625,202.0
484,1154.0526315789473,1016.1052631578947,19.0,0.9244299293791016,4.918490759365935,650.6753400411184,194.94736842105263,221.0
485,1197.3333333333333,1017.75,12.0,1.4373655585266922,3.9088200952233594,517.1043250972568,186.41666666666666,213.0
