label,x_px,y_px,area_px,circularity,eq_diam_px,eq_diam_nm,refined_diam_px,refined_diam_nm,mean_intensity,max_intensity
1,555.9519010217557,624.6719260443456,14387.0,0.8382338386877735,135.34436571244768,365.1482711429269,132.5680710311667,357.6580501964053,39338.61326197261,62194.0
2,1275.9520938300157,604.7988766829108,12107.0,0.7523554453125161,124.15760616292751,334.9672888190854,136.89171961553546,369.3229081851455,43193.661187742626,63222.0
3,85.14326908483837,632.6635301259676,13178.0,0.5345757766527509,129.53281715657997,349.4691780630803,102.96198286805074,277.7831928193715,41202.63082410077,62965.0
4,1287.0487573715247,286.56739679865206,9496.0,0.804611588965384,109.95764055673942,296.65691761083843,116.72426459100029,314.91272792535153,44608.98609941028,63993.0
5,550.9372661870503,354.12791366906475,6950.0,0.8104407033230204,94.0692023773423,253.79118247787935,90.20995304904106,243.37923653006888,45436.82345323741,64507.0
6,690.8688135037693,325.71075057358246,12204.0,0.6053131864134437,124.65398270391495,336.30647301654625,101.64093974319218,274.21912415195305,42566.87799082268,63736.0
7,255.8574456809751,895.5405405405405,7548.0,0.6815700893531322,98.03270925390673,264.48440695030007,96.02178188459582,259.0590857820888,41698.79478007419,63479.0
8,601.0916621645957,82.34936070592472,11106.0,0.6562381895281965,118.91424802700776,320.82112803702483,126.23204790559285,340.5639666854571,41175.028453088424,64764.0
9,1182.3517393705135,874.9752622860299,9055.0,0.6190422771047561,107.37403819162665,289.6865651179534,100.76640507214194,271.8596995722332,41646.26107123136,61423.0
10,1434.7385301614274,26.52548853016143,9416.0,0.398166629454869,109.49348635067884,295.40466669522345,78.0492030909967,210.57050600326184,43379.74946898896,63993.0
11,1146.426092345832,363.87470302654685,9681.0,0.7291630732743201,111.02356521289123,299.5326970591635,97.35912641745844,262.6671343441895,44388.15545914678,62965.0
12,180.5921718899685,847.4770767756945,7307.0,0.6769643256986436,96.45497059965253,260.2277942802146,88.54071660173231,238.87577013414568,41408.408375530315,60652.0
13,1009.4221638655462,654.9319327731092,9520.0,0.5564678309593478,110.09650523917074,297.03156341486357,103.32133568599099,278.75269797394884,41784.852521008404,63479.0
14,1117.3727634194831,699.6574552683896,10060.0,0.783807396897075,113.17592420667806,305.3395894356809,115.49748162630223,311.6029656292334,42121.63578528827,63736.0
15,154.3871431732684,139.5008851515822,9038.0,0.6834617688312333,107.27319798214464,289.4145062999877,102.87224627005665,277.54109065691125,40194.02655454747,61937.0
16,100.2971547706647,809.6865342163355,8154.0,0.7853010213757046,101.89207647197361,274.8966709552671,87.26141933753638,235.42432845912617,42123.35271032622,61166.0
17,1500.5615466477475,852.8669741042924,8457.0,0.6404380677809018,103.76794702520269,279.95761963823486,110.15366684213824,297.18578084674164,39682.11280595956,59110.0
18,1286.578901558012,188.07520236748195,11489.0,0.555225268663971,120.94729897547231,326.3061368519063,128.3902096816552,346.3865145043312,40323.47671685961,64250.0
19,63.810619035967704,319.6510888182041,8174.0,0.7949432760667036,102.01695956391379,275.23359554667434,99.92430398311555,269.58777820212714,41486.32089552239,63222.0
20,59.91413767579571,408.4975150682034,9457.0,0.5862748390713894,109.73161064415501,296.0471069890787,82.72075263943992,223.1739729609978,40495.82996722005,61423.0
21,1239.4355915352933,365.5734980826587,7041.0,0.8325421327164632,94.68304829524808,255.44728965671575,86.91418279409952,234.487512043857,45163.99957392416,64250.0
22,1142.9363486984346,503.4994378621465,11563.0,0.6725334740344742,121.3361811487929,327.35530984495136,148.7146015105718,401.2200977074019,42327.83109919571,63736.0
23,424.50472379682117,66.55173946871179,8997.0,0.688250675761638,107.0296042409868,288.75730987384316,107.0296042409868,288.75730987384316,41729.921529398685,62708.0
24,1112.518423437028,267.97870733917244,6622.0,0.6963081206972654,91.82261303859876,247.7300641690964,88.05553147804085,237.566779485236,43983.63666565992,61680.0
25,23.82258535161949,100.0,6854.0,0.517511544599537,93.41725664787425,252.03228505543294,91.50100522945631,246.8623920286548,42133.93886781442,65021.0
26,1426.248872604284,978.7838218714769,7096.0,0.6982889938391762,95.0521320615204,256.44304813141713,97.00191938585927,261.70341834949744,42681.231538895154,62708.0
27,714.3927550047664,449.3878296790594,6294.0,0.6610497117240879,89.51966093860675,241.51688363948594,87.68336020140455,236.5626911545734,41268.42627899587,62451.0
28,702.008121360711,864.0907140668097,6526.0,0.832254084819321,91.1546009203138,245.92782091493302,87.41492498512143,235.83847441585883,39980.2762794974,59624.0
29,468.8836186950486,520.1655483572421,8644.0,0.7215788319230667,104.90892538145049,283.0358879651229,104.90892538145047,283.03588796512287,40685.56177695511,61680.0
30,294.58868060562367,963.6926820475848,5548.0,0.8046692123981432,84.04720693866443,226.75264054396158,82.32316166812771,222.10130432767514,41561.3655371305,62965.0
31,580.3881091310519,229.60290175051253,6341.0,0.8380673071158461,89.85328014694659,242.41696157405016,86.1669917306616,232.47165032998655,43558.88582242549,64250.0
32,1334.9933055450297,972.032967032967,7917.0,0.7216063682458244,100.40038583426004,270.8722089499669,102.45988092829614,276.42856195406875,40731.72451686245,61680.0
33,1396.488681971424,320.6482581473752,6229.0,0.8410190136359639,89.05621328214741,240.26653893817118,85.4026250449311,230.40945016122055,41057.905763364906,61166.0
34,685.0298050139276,705.2880222841226,7180.0,0.6623870662028971,95.61307405997607,257.95642476789067,99.53566171371867,268.5392524506759,42725.31935933148,62708.0
35,503.60321753986335,426.0293280182232,7024.0,0.7043204810311079,94.56867643263166,255.13872352112566,92.62880614683408,249.90510867966663,40268.83385535308,62708.0
36,649.2788944723618,179.4358458961474,5970.0,0.8044587760602147,87.18509093915611,235.2184005465681,85.39667881732726,230.3934077148436,43029.16130653266,64250.0
37,1420.0042796005707,571.4832778570296,6309.0,0.5704853193819432,89.62627007598911,241.80450656341256,69.40290657166337,187.24348969782204,40380.855127595496,62708.0
38,870.3780095077442,814.9694832080969,6521.0,0.6394581167498811,91.11967444640041,245.83359208243263,85.51230986508345,230.70537103120597,39974.39717834688,61423.0
39,676.009877138039,640.2469284509757,4151.0,0.7686257089002156,72.6995003435076,196.13743596675604,89.10349016460674,240.39408818489585,39779.83570224042,62194.0
40,1473.9736765561372,147.3996509598604,6876.0,0.7827378213870894,93.56706209772207,252.43644817468638,85.88976469483205,231.72371396548132,44506.56180919139,63222.0
41,1104.417473081641,154.20389805097452,7337.0,0.7375535441366545,96.65277305758944,260.76144948753176,88.72228911440263,239.36563824752918,41156.3940302576,61423.0
42,251.85824295010846,439.22733188720173,9220.0,0.5588484835894176,108.34790539026677,292.3139809105086,97.23529970921376,262.333059791482,38455.17201735358,60652.0
43,1509.65533555283,503.7049237778167,5707.0,0.6229584310027612,85.24305298265409,229.97893750296217,97.48308110324031,263.00155417005413,42598.729455055196,60652.0
44,1193.298539365871,242.63804773779836,5614.0,0.8096777315457,84.54564923248981,228.09739797731893,82.81137950464385,223.41847699316878,43406.21962949768,61680.0
45,1002.6256992431721,568.5868706811451,6078.0,0.7929873385587932,87.97016512943647,237.33646790600926,86.16564892165314,232.46802753870648,40033.81770319184,59110.0
46,283.39447628973426,339.35209310404724,5757.0,0.8308675763924516,85.6156531192768,230.98418286355928,83.85943459375316,226.24604577917856,39432.91575473337,58853.0
47,44.76336434957125,562.7082649151615,5481.0,0.7161889836957396,83.53817058502914,225.37930118476183,86.9653775833893,234.62563148977767,38091.423097974824,59881.0
48,732.9736369083283,514.5138805672059,5007.0,0.7056319828858195,79.84428846504275,215.41350273560818,83.11995158155733,224.2509797709152,44727.29039344917,62708.0
49,1338.1826712161833,870.8406044357787,8206.0,0.7459475282221766,102.21645515325184,275.7718186870612,93.82946396119013,253.1443874101741,41032.339385815256,58853.0
50,1499.8873111232479,596.8041143273257,5493.0,0.7791803803520382,83.62956904845468,225.6258869272069,71.62122067226632,193.22832367612077,41032.32150009103,60652.0
51,1399.9810631229236,411.8531561461794,6020.0,0.8170747033317121,87.54942637907845,236.20134841664338,85.75354070976402,231.35619255168658,40005.67873754153,60395.0
52,777.944721030043,828.0066952789699,5825.0,0.8393353262720367,86.11980229936854,232.3443370195124,84.353242252202,227.57829933706083,40294.59982832618,61423.0
53,873.0653180975911,180.45506485484867,6476.0,0.7934855363403251,90.80473165923081,244.983901638072,79.62876468578702,214.83203682107853,37859.99706609018,60138.0
54,1435.808611599297,687.7050966608084,5690.0,0.8570788539283307,85.1159973773619,229.63615164433222,88.60793573130493,239.05712196820224,39804.55746924429,59881.0
55,1039.104137171622,229.2672644329086,6357.0,0.6193751601803243,89.96657037967731,242.72260955873904,82.58469793826788,222.8069082616117,41988.83545697656,60138.0
56,350.6310891089109,752.5573267326732,10100.0,0.5161329660019984,113.40070282773887,305.94602417301326,122.70537588027128,331.0492876949015,41813.849108910894,62965.0
57,632.7831371792398,472.6882114605441,5183.0,0.8104511402570923,81.23546368651039,219.16678218911014,79.56909520063324,214.67105332369246,39143.28670654062,60652.0
58,448.76211745244,948.5396195202646,6045.0,0.8057975258393076,87.7310267118997,236.69129158656847,82.33219429885972,222.12567364277965,40809.98444995865,61166.0
59,982.2872747132715,908.876752230111,5493.0,0.9061056131142606,83.62956904845468,225.6258869272069,88.77600406682112,239.51055689195806,39281.46513744766,59110.0
60,595.7142857142857,417.40197568389056,5264.0,0.7620059649412229,81.86777732103087,220.87271378995564,71.79174318921169,193.68837978503802,41659.289893617024,62451.0
61,800.6602162777461,54.5177859988617,7028.0,0.5752019997860134,94.59559989977717,255.21136088160685,90.71475477568373,244.7411512044127,39970.55762663631,59881.0
62,736.0713864306784,594.308407079646,6780.0,0.7110705579612441,92.91159299734562,250.66804497939873,89.09983533591605,240.38422774947466,43180.88982300885,63222.0
63,563.4226501305483,805.4040469973891,6128.0,0.7973495838367305,88.33126247335694,238.3106796521192,81.08356914220971,218.75698286015046,40259.62875326371,63222.0
64,345.2189661448853,76.19220968329087,5494.0,0.7081270540206596,83.63718107860274,225.64642357558392,83.63718107860272,225.6464235755839,40066.08481980342,62451.0
65,255.427487809283,799.6738305941846,5537.0,0.7887703918731933,83.96384554794162,226.52773818070267,80.5191749613594,217.23429251175077,41649.40978869424,63993.0
66,723.1065819657667,175.10552320451737,5667.0,0.8478055458987392,84.94379612434429,229.17156643979098,81.45892243719169,219.76965602174823,41629.963825657316,61423.0
67,1360.425550791069,782.7030903445217,6763.0,0.631894214301668,92.79503780398986,250.35358839214035,73.76015825445347,198.99900615785515,40525.36211740352,59881.0
68,1374.7679594956057,127.49656094764998,10468.0,0.5472623257439808,115.44813361110556,311.4698286320739,134.39346835754338,362.5828261511835,38708.967806648834,60909.0
69,788.4475785896346,278.01767204757857,5885.0,0.8235782468647828,86.56220145517577,233.53789454994782,81.23529675024187,219.16633180841256,40131.871028037385,61166.0
70,652.7285714285714,547.7728222996516,5740.0,0.7744854706344337,85.48915128119961,230.64289102457408,78.47465681710118,211.71834611999364,41266.543728223,62965.0
71,1117.474767864352,31.77735163504239,4954.0,0.7547605895939226,79.42058111483443,214.27037420133414,81.04972124026693,218.665663928541,41728.83165119096,62194.0
72,1053.066616428033,94.75116804822909,6635.0,0.7029831031929445,91.91269977167359,247.97311096799362,91.91269977167357,247.9731109679936,40839.604672192916,62965.0
73,483.48452950558215,725.0514619883041,9405.0,0.6278520576408196,109.42951118521093,295.2320668168043,98.20597157647134,264.95185483559356,42641.72418926103,64764.0
74,992.3785984848485,395.3501893939394,5280.0,0.8188016340667483,81.99210203551108,221.20813192364608,83.67399130803437,225.74573462977213,37458.91818181818,53970.0
75,373.9193174287608,988.8303512259774,6036.0,0.6848702136024839,87.6656939288194,236.51502896444046,80.47261135004446,217.10866761351198,39545.76855533466,61423.0
76,501.3064861012117,270.57448325017816,5612.0,0.8499540868507778,84.53058810308688,228.0567642550802,84.53058810308688,228.0567642550802,40029.12384176764,59881.0
77,147.52947019867548,395.45463576158943,6040.0,0.8270748497424122,87.69473673032141,236.59338411946877,87.69473673032141,236.59338411946877,39922.01407284768,58853.0
78,1379.3141762452108,499.4014659336998,6003.0,0.7896623450121425,87.42572268528971,235.86760574709686,85.63237452764272,231.0292958856179,41416.472597034815,62708.0
79,1513.174705597677,272.7176964026456,6199.0,0.34813047952191745,88.84149896199003,239.68725687953216,77.90716062820663,210.18728680205123,39924.05242781094,60395.0
80,1481.1730247694811,754.2865666244802,5531.0,0.7958556349759925,83.9183407958605,226.404969999968,80.4755370709021,217.11656097432822,43638.795154583255,62965.0
81,815.06435006435,571.8192682478397,5439.0,0.8388154357139382,83.2174854451548,224.51411833219206,84.92451078761951,229.11953614413446,40956.46313660599,59881.0
82,1251.031009174312,507.2016513761468,5450.0,0.7805708893536545,83.3015937350939,224.74103576978456,74.75784053149452,201.69067312672973,41937.77871559633,64250.0
83,984.132311717436,988.7981685666231,5351.0,0.7648338451393997,82.5415338110327,222.6904548994614,79.15521447519546,213.55443623691937,39466.7181835171,60138.0
84,1087.8223320158104,937.2683794466403,5060.0,0.8612078705548716,80.26575917762146,216.55059700048852,81.91223628895727,220.99266052870362,41056.664229249014,60652.0
85,1262.2652148551429,77.6290103052693,5143.0,0.7736076734554024,80.92138764611579,218.31943015820875,77.60153584524949,209.36273558761553,38918.335018471706,60138.0
86,1461.418024691358,464.27604938271605,4050.0,0.874530428047649,71.80961047225789,193.73658428531402,76.22866342439683,205.6588356259487,37443.8212345679,56026.0
87,345.628519343731,871.3471743974073,4937.0,0.8546906544991731,79.28419535038176,213.90241631970198,82.53688028783331,222.67790006615127,38815.64128012963,57568.0
88,889.9570990806945,26.959397344228805,3916.0,0.8417934234316824,70.61165666646617,190.50460075359246,70.61165666646617,190.50460075359246,38226.84678243105,57825.0
89,199.6163723916533,608.3489165329053,4984.0,0.800445822143511,79.66069225759999,214.9181748556242,76.39256129318562,206.10101896411138,37388.29193418941,58596.0
90,1229.4136908292799,706.3188990390319,8429.0,0.6116283764396958,103.59602368128174,279.49378421020367,99.34593040204966,268.02737255029786,40528.52497330644,62451.0
91,1464.9826666666668,362.72333333333336,4500.0,0.8289852710873931,75.6939756606048,204.21629081425894,75.6939756606048,204.21629081425894,39878.91844444445,56797.0
92,595.4934740349903,303.83115801166343,3601.0,0.8117323913793427,67.71215253255004,182.6819705606174,63.54525083823926,171.4400031415025,40689.216328797556,59881.0
93,1189.732303990375,639.7385201523962,4987.0,0.7754260244314716,79.68466357834647,214.98284756129254,69.87732036870383,188.52342016913346,40053.29797473431,62708.0
94,1432.024508768223,897.0790196492711,4733.0,0.7797689854422616,77.62887842311987,209.43650367530358,77.62887842311987,209.43650367530358,38212.58229452778,61423.0
95,939.9926695174099,264.6974139686418,4911.0,0.8197028845908645,79.07515035834193,213.33842965477788,75.831041625692,204.58608382278697,38909.67440439829,56540.0
96,980.3742886327155,801.1530716474537,6853.0,0.5683379134594743,93.41044160087282,252.01389860382682,74.24932537505275,200.31873991586232,38662.05545016781,62965.0
97,74.14712153518124,989.1478968792402,5159.0,0.764638462671355,81.04716411626445,218.6587650125522,74.3971403939043,200.7175330115223,40247.923628610195,63736.0
98,1510.4972067039107,679.3829355002539,3938.0,0.7669297762903297,70.80972621869873,191.0389765599517,63.54719019626809,171.44523537431562,36836.492635855764,56797.0
99,1219.8383597309612,438.1742243436754,4609.0,0.775774820886091,76.60522868371561,206.67477857037005,84.46217521537874,227.87219175707463,41477.70340637882,62194.0
100,1229.5583047525722,803.3936795688388,4082.0,0.738469309746784,72.0927445836884,194.50045746722463,82.44452329314109,222.42872828303123,39341.27290543851,62708.0
101,1266.7306530327678,923.4812921217755,4303.0,0.7944225223040449,74.01857713436138,199.69619962233628,67.94525798487531,183.3108704225548,39193.06739484081,58596.0
102,1072.1415724563205,533.2124871531346,3892.0,0.8039223533281628,70.39494518862311,189.91993052329008,60.28695305897467,162.64937639686894,40625.875899280574,63479.0
103,33.13488153882243,492.45906638517476,4263.0,0.7962942132321384,73.67374144975942,198.76586053213495,69.13997274515883,186.53411526861893,40635.600516068494,60909.0
104,427.8867196914919,203.25572427090864,4149.0,0.8717929494376891,72.68198450170571,196.0901796268419,72.6819845017057,196.09017962684186,38588.15666425645,57825.0
105,250.2475608169637,30.27605047482763,7687.0,0.32167104913602595,98.93125077739185,266.90860009734104,88.78445582586448,239.53335906171634,39748.04058800572,63736.0
106,35.16503776099511,854.6770324300311,4502.0,0.5829593826718922,75.7107946755131,204.26166717096032,94.34729798025477,254.54146216688898,39735.899155930696,61166.0
107,272.14593140551443,584.534185160278,4461.0,0.8439877914222165,75.36525465400857,203.32942783614283,78.45716253724994,211.6711479524974,36482.247478143916,55512.0
108,445.3392595691278,616.0213344488601,4781.0,0.769534981917529,78.02152435949206,210.49583099996084,73.22019978352331,197.54224139996325,36636.87931395106,58596.0
109,1036.2718829811934,452.41049454376594,4307.0,0.8578652288151427,74.05297238581545,199.78899525913926,74.05297238581545,199.78899525913926,37899.41467378686,59624.0
110,230.88249516441005,118.54400386847195,4136.0,0.8295425187091604,72.5680284769032,195.78273538840668,65.12515376132338,175.7024548357496,39083.44898452611,59881.0
111,504.51255707762556,191.69954337899543,4380.0,0.8610088799703918,74.67790306335611,201.47500823268976,76.20975748516854,205.60782891438592,36887.77328767123,55512.0
112,202.77041046459178,737.062697338746,4434.0,0.8235677079283383,75.13683611488916,202.7131728910818,82.84317828051883,223.50426754657738,38716.00090211998,59881.0
114,768.9244659766571,912.5663950671658,4541.0,0.7819398468512744,76.03802188801583,205.1445000121157,63.559987526905545,171.47976154858904,41403.03391323497,61680.0
115,1051.6211746816196,771.4008743584869,5261.0,0.6741266796041294,81.84444541232894,220.8097661668305,68.41356206261341,184.574317359966,40983.073370081736,61423.0
116,1331.0482138396203,719.1486385211092,4003.0,0.8480365200237148,71.39172149188487,192.60915324738605,75.78505819907778,204.46202421645594,37210.36422682988,56797.0
117,74.63303693570451,107.70998632010944,2924.0,0.7052190983173737,61.01600141606803,164.61629054043829,79.7901556979351,215.2674568605731,39418.56155950752,64764.0
118,646.9719527253484,770.9899453166344,5669.0,0.6967160598787854,84.95878400203028,229.21200253475757,74.50231827870348,201.00129453047973,45622.554771564646,64507.0
119,48.36278359511344,925.5656631762653,4584.0,0.5490536428528667,76.3971862902423,206.11349683617053,66.9944556699048,180.74568184094957,41234.09140488656,62965.0
120,1320.9094331266608,389.9081045172719,4516.0,0.8236646443867102,75.82842332545228,204.57901985820422,77.38387816289745,208.7755125732443,39523.993578387955,58339.0
121,74.43494942448552,20.866236484129754,5734.0,0.3208516803265777,85.44445885785352,230.5223144417802,74.92821776765615,202.1503372797149,43992.134112312524,63222.0
122,197.8854125928823,978.9667579194369,5114.0,0.6396069191175939,80.69291810174931,217.70303760507153,82.34815744742622,222.16874094056016,37434.40692217442,60138.0
123,1180.960773480663,73.08618784530387,3620.0,0.858155465947576,67.89055274440832,183.16328006019413,70.67580619033276,190.6776710370226,36710.39116022099,52942.0
124,996.4151761517616,161.6037940379404,3690.0,0.8404090880536902,68.54381022435761,184.92571648049892,68.54381022435761,184.92571648049892,37087.955555555556,57311.0
125,916.1004301075269,411.69397849462365,4650.0,0.7897728503880864,76.94520051971082,207.59199538613825,75.36683743212701,203.33369804488413,35834.974623655915,54227.0
126,847.1793577981651,912.6665137614679,4360.0,0.8071052898802007,74.50721049029623,201.01449332598003,69.92215138320108,188.64437065976588,39519.998165137615,59624.0
127,397.16782627029306,668.6940754796542,4743.0,0.7187569093703955,77.71084326320798,209.6576382566741,71.33456894417552,192.45496024587004,38614.31773139363,60909.0
128,1082.58635455324,597.895232657722,3503.0,0.8240122129872794,66.78441528685622,180.17900969071513,72.264162182188,194.96292843456868,37506.73993719669,56026.0
129,717.8299098196393,960.6169839679359,3992.0,0.7798755339959533,71.29356396325527,192.34433208774567,68.36869980066018,184.45328256619715,39431.02329659319,59624.0
130,710.7318960751796,247.23687119955775,3618.0,0.795072457185138,67.87179585698185,183.11267547846847,62.30282799179359,168.0880456956198,41590.10116086235,61937.0
131,121.40461215932915,521.9916142557652,3339.0,0.8644963293561703,65.20235302403364,175.91073227060087,65.20235302403364,175.91073227060087,37569.720874513325,55512.0
132,1434.538283062645,84.17517401392111,2586.0,0.7189030110475919,57.381159474910675,154.80977777055102,42.07951694826782,113.52717036507075,35858.85421500387,52942.0
133,362.73907354095786,234.47736194713426,3821.0,0.7905447523467773,69.74989821091539,188.17964538119287,65.45759678255136,176.59935951158099,37729.22768908663,55769.0
134,774.0570741307675,397.46949486114147,4573.0,0.7567766204164702,76.30546794348292,205.86604807408148,73.17498720734002,197.42026148642682,40182.649682921496,59624.0
135,641.1295126353791,924.1739620938628,4432.0,0.7567920438086012,75.11988859327629,202.667449833572,68.9562054266485,186.03832574466352,40703.7666967509,61423.0
136,938.8616266375545,186.18968340611355,3664.0,0.6934253632338814,68.30190108561867,184.27306497691234,78.10935354919468,210.73278712744334,37586.881277292574,55512.0
137,1318.017901017901,545.0473850473851,2849.0,0.8166445354097172,60.228394158822454,162.4913891689703,60.228394158822454,162.4913891689703,40179.320463320466,62451.0
138,395.6769900179166,479.6222165344254,3907.0,0.7212453386680077,70.5304678935301,190.28555993931275,69.08368906494486,186.38226640209606,37143.70284105452,57311.0
139,99.25093516209476,255.78304239401496,3208.0,0.7854365587753503,63.91050351476197,172.42542564254663,57.35558007735048,154.74076660228542,39478.58073566085,56797.0
140,1508.489606741573,978.8924157303371,3560.0,0.6125878001698172,67.32557299612964,181.6390098977181,53.51519904820561,144.3797258161349,37022.79915730337,57825.0
141,407.7514511873351,296.1197889182058,3790.0,0.8406324772522845,69.46637945471367,187.41473445846114,70.89133082814371,191.2591392678655,36367.398680738785,56026.0
142,977.9546965918537,719.8667913549459,4812.0,0.5544551667332341,78.27406140775885,211.17715575322077,57.400978365689824,154.8632475523619,39765.302369077304,62194.0
143,243.9531055900621,674.6869565217391,3220.0,0.839766276078686,64.02992530096552,172.7476160679809,66.65679403126154,179.83469775282114,35554.752795031054,51400.0
144,669.1416015625,106.5224609375,2048.0,0.7374525372133437,51.064611891383386,137.7682377140011,48.96965345481381,132.11620744881128,42806.5625,60652.0
145,1300.602126994057,21.43321864247732,3197.0,0.7431786827361261,63.80083717725274,172.12955463725373,57.257161569329384,154.47524134112516,38904.188927119176,59624.0
146,990.1357274887774,42.51518352257724,3787.0,0.8111994621936953,69.438880721913,187.34054507726353,77.98520450307151,210.39784293292672,35756.59255347241,54741.0
147,715.5388331475287,43.540691192865104,2691.0,0.8884423663919475,58.534499356211484,157.92139650311012,66.9394531099239,180.59728933432592,36667.24340393906,54741.0
148,110.0256806930693,200.91769801980197,3232.0,0.751544529250356,64.14912476865172,173.06920669584085,54.93796839161454,148.2182436831047,40645.361076732675,60652.0
149,1176.446507760532,976.520509977827,3608.0,0.537813710267582,67.77793355808708,182.85944250503434,53.874767700017934,145.3498132732324,36434.023835920176,58082.0
150,576.7440694954895,947.6648847310391,2993.0,0.8436990076467097,61.73172569588786,166.54725738944978,70.5957683599128,190.46173537357595,36700.596057467425,53713.0
151,146.0962199312715,700.5479954180985,4365.0,0.6973981096299953,74.54992027339121,201.12972090398765,79.13760767483066,213.50693449807918,37721.064604811,62194.0
152,716.9743384121892,774.1844426623898,2494.0,0.851209974383106,56.35121493428066,152.0310697954945,59.81898200715948,161.3868279367557,36090.46672012831,51400.0
153,1244.6,994.887536231884,3450.0,0.6764199494727595,66.2772693261899,178.81077046051425,59.47960067734991,160.4712042594359,38801.71101449275,58082.0
154,513.9870232009438,910.1631930790405,2543.0,0.840191692138486,56.90209277576282,153.51729414158604,55.73487035984974,150.36822144124582,37811.54187966968,57825.0
155,800.8370183196463,494.6023373341756,3166.0,0.7898155352847165,63.49075837184121,171.29298682655786,56.978885718319034,153.7244753571673,38945.890397978525,60909.0
156,275.5303098338572,67.67355186349349,2227.0,0.84502509226849,53.249455078199695,143.66276984457653,51.064862049350474,137.76891262018364,38746.529411764706,57825.0
157,510.05651254155333,992.2048957388939,3309.0,0.7194930875221885,64.9087794795793,175.11869433354659,66.24024162275015,178.7108726788501,40327.56391659111,61680.0
158,884.0007558578988,92.578231292517,2646.0,0.8757624918530303,58.04301711118436,156.59541672460654,63.996147071305835,172.65648510661745,33220.503779289495,52428.0
159,421.99326032013477,819.2923336141533,2374.0,0.902383491922047,54.97882027836971,148.32845880541922,57.234361623123334,154.41372891025694,35883.760320134796,54484.0
160,567.0781772575251,876.260033444816,2392.0,0.8731726490195483,55.18685523751566,148.88972048239827,59.71500746213232,161.10631293223605,34302.301421404685,50886.0
161,801.8640920906053,966.8314147790568,2693.0,0.8045150025139344,58.55624726681,157.98007062607203,58.55624726681,157.98007062607203,35990.97474935016,53970.0
162,157.3412017167382,470.7496423462089,2796.0,0.7801036731583291,59.66554924811734,160.97287862748075,55.99382314054088,151.06685532732808,36587.0200286123,54227.0
163,1219.9996810207338,20.431259968102072,3135.0,0.7004631553396117,63.1791577400707,170.45231325009155,64.47514046294394,173.94877095778574,39518.97607655502,58596.0
164,847.9182250396196,411.02408874801904,3155.0,0.6981192060317069,63.38036575817024,170.99515638628267,72.48113622601007,195.54830704687708,34321.189223454836,53456.0
165,1363.2891272549975,603.5207215992199,2051.0,0.8341189289891894,51.101999043597296,137.86910525970202,50.05375290936966,135.0410210492466,38182.35592393954,57568.0
166,557.1039441248973,479.55135579293346,2434.0,0.7509093338811879,55.66924691322298,150.19117463212254,47.67571402311916,128.62526237725368,37726.417419884965,56797.0
167,795.578805809575,210.01075847229694,1859.0,0.8698120355880501,48.651334140624215,131.2574074046729,58.631094989983026,158.18200379537504,34548.04410973642,52685.0
168,999.5646879756468,324.69893455098935,3285.0,0.6998315942826848,64.67296115421814,174.48247535718824,58.03983693327269,156.58683685901508,40252.38051750381,60395.0
169,763.7902283590016,126.15400955921402,1883.0,0.8309229186137047,48.9643754451776,132.10196780105358,42.93799077500189,115.84326407169313,36117.71269251195,54484.0
170,1309.177455862381,470.6776822091444,2209.0,0.8464288954740715,53.03382085348909,143.0810059570453,54.12169410176578,146.01600095103595,36098.552738795835,52685.0
171,859.7761743067346,709.5444255800792,3534.0,0.6739798129512273,67.07927065117856,180.9745058752277,60.19934545618589,162.41301809315306,36788.015563101304,58339.0
172,785.9173967459324,694.4434710054235,2397.0,0.7700261701679086,55.244503697021166,149.04525141426737,50.711621342393784,136.81589745207106,36667.906549853986,54484.0
173,907.5438079191239,1000.9060657118787,2374.0,0.8053290082895926,54.97882027836971,148.32845880541922,57.234361623123334,154.41372891025694,36065.63058129739,52942.0
174,17.817937907244154,235.64699118436184,2609.0,0.722961412077082,57.63576990215399,155.4966963344193,54.08895329279066,145.9276688676858,44271.96857033346,59881.0
175,30.858823529411765,748.4318339100346,4335.0,0.3368405583201637,74.29329328026138,200.43736180668282,83.43708322244738,225.10657556750527,36164.19815455594,58082.0
176,1511.8464307138572,68.39112177564488,1667.0,0.811065627516247,46.07049295453128,124.29450435188905,50.79567171909859,137.04265864439049,32758.789442111578,48316.0
177,625.8362573099415,837.7602339181286,1881.0,0.82708217722371,48.938365150941046,132.03179410802687,49.94222905147317,134.7401386025505,35418.99946836789,52428.0
178,207.97540983606558,226.2155255544841,2074.0,0.8397922342801225,51.38773020654568,138.63998507884375,57.71237392427439,155.70336785777837,34227.71600771456,50372.0
179,1517.2066715010878,405.09354604786074,2758.0,0.6893416567617948,59.25870960778322,159.8752578250305,59.25870960778321,159.8752578250305,35845.62944162437,52942.0
180,125.70215574131105,888.1104267487901,2273.0,0.5927256846731247,53.79659362062829,145.1389058609655,53.79659362062829,145.1389058609655,37339.51077870656,57825.0
181,206.95580808080808,521.1224747474747,1584.0,0.8656447947983689,44.90892382211466,121.16068375815959,62.411889004067035,168.38228358185256,33216.76325757576,49858.0
182,491.4325730292117,824.765106042417,2499.0,0.7617764483732649,56.40767343449978,152.18339031240566,59.878914876622844,161.54852202393832,37005.737494998,55255.0
183,1214.1663965424095,138.59751485683415,3702.0,0.5229811126100693,68.65517310887485,185.22616463389565,70.06348435213381,189.02567570330888,37480.34683954619,58339.0
184,227.13155001832172,287.2685965555148,2729.0,0.7028195175126464,58.94633760957723,159.03250316363062,58.94633760957722,159.0325031636306,34474.25687064859,50372.0
185,348.42701798410707,322.3383521539105,2391.0,0.6577902611635983,55.17531831772042,148.8585947957443,50.648112712163865,136.64455624840116,34343.626934337095,52942.0
186,396.1820652173913,136.75883152173913,1472.0,0.8003706498924469,43.292131038448076,116.79870617124985,52.17256817453998,140.75741512945493,33438.98233695652,50629.0
187,693.7953727506426,1007.6077120822622,1945.0,0.6631396957091226,49.7639519583191,134.25916126738827,41.59755984208212,112.22688864915021,38065.20154241645,54998.0
188,888.4007336084366,295.01467216872993,2181.0,0.7925026238426939,52.69663601281765,142.171308231701,48.3728094681762,130.50597012038196,35684.70334708849,51657.0
189,1123.4921739130434,1004.5640579710144,1725.0,0.8621143911511241,46.865106579076034,126.43830834182083,47.82644209864682,129.03191466678126,35341.44811594203,51400.0
190,513.414852752881,47.60435339308579,1562.0,0.8459474345226242,44.59596583634359,120.3163481491881,56.48822339270187,152.40070765563826,32165.475032010243,47288.0
191,813.0374275171323,135.37163943068003,1897.0,0.7542283645312416,49.146062063634396,132.59214376272053,49.14606206363439,132.5921437627205,33513.5044807591,50886.0
192,660.4019138755981,397.85885167464113,1254.0,0.6815735179635185,39.958007821935944,107.80350846295744,36.67940205193094,98.95809238394554,41623.95773524721,60138.0
193,577.48045178106,709.2536924413554,1151.0,0.7429664843657428,38.28183271462029,103.28132211742839,36.71129598786664,99.04413967158519,37410.8045178106,56797.0
194,1457.26836492891,293.58116113744074,1688.0,0.6853820229004778,46.35977083110911,125.07495292066591,38.752013566516844,104.54983244137713,33884.7191943128,50886.0
195,435.5145728643216,436.9788944723618,995.0,0.80631828394164,35.593164329846914,96.0275099087806,31.21246718155806,84.20873945846914,36999.73467336683,55769.0
196,333.6668539325843,457.988202247191,1780.0,0.6350210679708276,47.60636921283317,128.4381756266869,44.67674649204344,120.53428789581386,36199.4606741573,51914.0
197,137.67732386027234,990.4582593250444,1689.0,0.48274786028177447,46.37350095752627,125.11199570332928,37.812239242290644,102.01439649656079,34925.98046181172,53456.0
198,435.26076158940396,402.05298013245033,1208.0,0.7618831960719713,39.21827851958926,105.80777798357028,36.000368487212704,97.1261141490209,34529.269039735096,53199.0
199,480.85750209555744,348.3336127409891,1193.0,0.8406851648625865,38.97402695217738,105.14880679481841,43.770830269368446,118.09019840033453,36061.645431684825,55769.0
200,281.8556763285024,514.7010869565217,1656.0,0.7422650762192325,45.91823914395487,123.88373575125874,44.03441394830544,118.80132607941223,36012.590579710144,51143.0
201,607.3161764705883,1007.0011312217194,1768.0,0.7410123012004206,47.445626933277715,128.00450581582862,44.52589604507601,120.12730545793148,37319.510746606335,53970.0
202,575.9501116902458,529.7222635889799,1343.0,0.7789222308297168,41.351671170332686,111.56350068386398,42.19991057895489,113.851982749174,34377.14668652271,51914.0
203,555.3348066298342,742.4618784530387,905.0,0.7648179020296452,33.94527637220416,91.58164003009706,29.767396203317496,80.31005356485434,35512.004419889505,54741.0
205,610.1334951456311,710.120145631068,824.0,0.8423809340781054,32.390575556198044,87.38718160457783,34.38384174427176,92.76485431870569,38849.10558252427,54741.0
206,455.39484286865434,1008.8952457695407,1241.0,0.7332649899769591,39.75034936973935,107.24326257160719,33.227215114192376,89.6443682008819,40834.83561643836,57568.0
207,838.1381156316917,320.7237687366167,934.0,0.8761710884184879,34.484862400517734,93.03739996760481,42.2660621216602,114.0304543192695,32296.14989293362,48573.0
208,1383.3803967327888,237.50408401400233,857.0,0.9022135866716405,33.032806266468405,89.11986868243045,37.09838242234144,100.08846790488342,31600.803967327887,48059.0
209,1052.1580432737535,1011.1608654750705,1063.0,0.7354608429035878,36.78931415579092,99.25462644719144,31.506745969318374,85.00268008554343,40303.547507055504,57054.0
210,255.75962660443406,181.92065344224036,857.0,0.7541769083687939,33.032806266468405,89.11986868243045,33.0328062664684,89.11986868243044,34336.93932322054,49858.0
211,896.3960047003525,577.4183313748531,851.0,0.8030648470438445,32.91696906717907,88.80734918572377,39.66916785019016,107.02424132638505,34215.42773207991,48830.0
212,42.609403254972875,1056.7902350813742,1106.0,0.48887456521964506,37.526030118800065,101.24222717811308,29.058618194557997,78.39782719946191,37518.51446654611,62451.0
