label,x_px,y_px,x_init_px,y_init_px,center_offset_px,area_px,circularity,eq_diam_px,eq_diam_nm,refined_diam_px,refined_diam_nm,radius_change_factor,quality_score,gradient_sharpness,profile_symmetry,edge_contrast,center_quality,angular_variance,angular_cv,mean_intensity,max_intensity
2,1307.506603518331,309.65191251623924,1305.035559520775,308.41639051746114,2.7627111769641353,7846.0,0.652871181941936,99.94917442376443,539.3087538309809,95.8486954730459,517.1832664943253,0.041025641024820085,0.7685996083441022,5240.103188160047,0.900983035698561,0.25705003845245433,0.6548170965483657,7774978.673954746,0.05271439998606369,50137.444940096866,63029.0
3,101.64556416881999,273.6370944587999,101.64556416881999,273.6370944587999,0.0,6966.0,0.908599560239773,94.17742122518085,508.1653547694676,96.10926576313327,518.5892594826873,0.020512820512384757,0.8159008061639659,8126.247695586213,0.8794204165161686,0.3525072529629472,0.49393107595437885,27691847.3845306,0.10245739713132837,50400.71231696813,62885.0
4,580.2286519871107,338.87406015037595,580.2286519871107,338.87406015037595,0.0,7448.0,0.8298132775652304,97.38114873622868,525.4521237854049,97.38114873622867,525.4521237854048,1.4593024316649166e-16,0.825930876373546,6949.2464625711045,0.9056502059309868,0.29956025283860643,0.464451078155241,35322190.63718997,0.11530792951798337,50490.196965628355,63524.0
5,906.6482288037166,649.6581010452961,906.6482288037166,649.6581010452961,0.0,6888.0,0.9046583775527369,93.6486731573694,505.31232008272855,95.56967158111031,515.6777010075025,0.020512820512382443,0.8441789732747111,10209.90033648875,0.8877426344690456,0.41544557166036866,0.5962319448027231,12109556.630303795,0.06771996346671307,50360.3931475029,62948.0
6,721.8768745486672,134.8558102471151,720.6413525498891,133.62028824833703,1.7472919672822391,7216.0,0.6410942535051324,95.85247286746927,517.2036486724768,95.85247286746926,517.2036486724767,1.4825757009476607e-16,0.8640135597828003,8658.680756048652,0.9098697414658712,0.3487991520623723,0.5432380400950496,18644724.370161764,0.0840813651093048,50129.2229767184,63930.0
7,527.7761236759233,518.7457772688234,527.7761236759233,518.7457772688234,0.0,6986.0,0.912634527850041,94.31252016312493,508.8943256717944,96.24713596134286,519.3331836342927,0.02051282051238537,0.8561343019775227,10046.61483707707,0.88597806474606,0.41013249326646395,0.6728475009852428,6447922.586279025,0.048622087253903976,50604.66890924706,63310.0
8,551.6335413666187,986.6666666666666,551.6335413666187,986.6666666666666,0.0,6249.0,0.8795829873234503,89.19906902569124,481.3030126208956,91.02879351852593,491.1758949310678,0.020512820512360506,0.7785925872980063,4972.942342166187,0.9191264008663684,0.20940527131894077,0.6269025339652058,9288144.914086495,0.05951442940817684,50375.72619619139,62657.0
9,1267.5530570252793,472.81893004115227,1267.5530570252793,472.81893004115227,0.0,6804.0,0.9018536485160418,93.0758930248754,502.22169586041343,94.98514211256514,512.5236793652424,0.020512820512379657,0.8451974704550005,10195.929800203616,0.8858118840840942,0.4131451665008336,0.7132503536169099,4374333.701402076,0.04020322526711352,50979.835097001764,63089.0
11,287.90581792284286,796.1524288107203,286.67029592406476,796.1524288107203,1.235521998778097,7164.0,0.8337443391094281,95.50648197103014,515.3367406137436,95.50648197103013,515.3367406137435,1.4879466211743593e-16,0.7966933961180598,6455.242728200237,0.8937534179873822,0.2794116467276882,0.6304142303967105,8784896.047203615,0.05862586086781616,49750.23045784478,62188.0
12,317.1651099295876,952.9689610576232,317.1651099295876,952.9689610576232,0.0,6959.0,0.8847365139152281,94.13009078829148,507.90996777818685,94.13009078829148,507.90996777818685,0.0,0.8714562814922087,9210.334585623086,0.9346694477383138,0.3595443617036506,0.569979749020041,15242940.011636041,0.07544482970128104,50387.725535278056,63187.0
13,1500.0693835816535,489.5571136430032,1500.0693835816535,489.5571136430032,0.0,6846.0,0.5336936668970984,93.36272234279014,503.76937809889733,110.5989172368437,596.7729555940783,0.18461538461142987,0.592085851391363,1744.2259148749695,0.9865153162549748,0.07362794908611205,0.23612320893549704,185886033.579908,0.3235077121424243,49512.64519427403,64361.0
14,498.47798745795006,87.91979594728639,496.0069434603939,87.91979594728639,2.471043997556137,7057.0,0.8133917405480561,94.79056634072846,511.47378157829286,94.79056634072845,511.4737815782928,1.4991844930877073e-16,0.8491346998621554,9008.368734774373,0.8990854592126312,0.3683975181973696,0.5559546072745327,16644790.026314016,0.07987080004648577,50151.61173303103,63989.0
15,377.8106071583828,737.5420953485002,377.8106071583828,737.5420953485002,0.0,6901.0,0.9055333836216631,93.73700495651308,505.788943454502,95.65981531459539,516.1641012689532,0.020512820512382807,0.7792070754952085,7878.560356167586,0.8606239085592863,0.34492983698336027,0.565952955433999,13782230.61748072,0.07669313154008597,49612.81901173743,61700.0
16,136.14323717240325,970.6338199820353,134.90771517362518,971.8693419808134,1.7472919672822391,7401.0,0.6798062369380011,97.07340454823319,523.7915884634931,95.08215522416685,513.0471456232162,0.020512820512397983,0.7948050975624512,4566.389849367122,0.9253921755203723,0.2035748791304051,0.4395834936121548,39041069.74970597,0.1274880687131309,49029.30698554249,62826.0
17,908.6764705882352,102.68894830659536,908.6764705882352,102.68894830659536,0.0,6732.0,0.9011547120541025,92.58211822569797,499.5573709857679,94.48123859955845,509.8047016726555,0.020512820512377523,0.7365359062102792,5309.978104473612,0.8181297440113545,0.2677134215881792,0.6044362739197366,10877526.440783685,0.06544341283739538,50631.04114676174,62827.0
18,40.84135276326643,971.1333516634589,40.84135276326643,971.1333516634589,0.0,7274.0,0.5869389487752177,96.23691832349773,519.2780509974788,100.18509958805149,540.5817659101958,0.04102564102478843,0.6780504472374952,3034.1744252192557,0.9571743601446495,0.12567888229494814,0.2965709774185089,101384124.32392246,0.2371874108196503,48644.4726422876,62618.0
19,1499.1683233929755,227.5861497680583,1499.1683233929755,227.5861497680583,0.0,6036.0,0.8906743365849833,87.6656939288194,473.0291812719416,89.46396457351312,482.73234396469934,0.020512820512352523,0.7292006908838771,4117.266445975652,0.9182523507819483,0.17448533486427248,0.6342945693815578,8390383.004245417,0.05765545667133929,50180.238237243204,62064.0
20,279.96647624774505,177.74082982561634,279.96647624774505,177.74082982561634,0.0,6652.0,0.8657282253558767,92.03037244072362,496.58024452682974,93.91817495232821,506.7665059530212,0.020512820512374765,0.8245205453888669,7290.085502546974,0.9017325424216556,0.3043773251688542,0.42381079455088383,39652286.18264959,0.1359543486993315,48311.12778111846,61669.0
21,1369.5291459557163,877.5414022367996,1369.5291459557163,878.7769242355777,1.2355219987780401,6639.0,0.9132307703607645,91.94040100791787,496.0947739705535,93.82635795167005,506.2710770263598,0.020512820512374463,0.8111691583296556,8364.79267245841,0.869808022434863,0.38637847034450556,0.4275609760684125,37801408.67461137,0.1338847687165897,47106.04820003013,61559.0
22,1163.1594263314507,353.9690364855758,1160.6883823338947,351.4979924880197,3.4945839345644782,7721.0,0.6712432954816049,99.14979841078949,534.9954567588902,95.08211437342375,513.0469251995511,0.041025641024813625,0.7749664479003262,5146.986719214699,0.9008532563777526,0.23998317890322732,0.4466660398160084,36599720.98344998,0.12388091120872367,50747.34153607046,64928.0
23,39.15022712524335,496.25421804023364,39.15022712524335,496.25421804023364,0.0,6164.0,0.9144865821780913,88.59034119895658,478.0184207515659,90.4075789671403,487.8239268182646,0.020512820512357324,0.7366520389126165,4075.369625511201,0.9339189927877536,0.16908416983573613,0.5631960753166195,12716214.065038271,0.07755805550275124,47939.80872809864,60844.0
24,721.4888922702373,648.4222458916616,721.4888922702373,648.4222458916616,0.0,6572.0,0.9175806138080354,91.47529878606295,493.58516144880207,93.35171517141808,503.7099852733928,0.020512820512371924,0.8182668270064837,8238.689694688672,0.8954324745387191,0.3433100373097365,0.4614491162573283,33804981.92192599,0.11670861743342195,50050.17650639075,63716.0
25,1019.2891016871865,750.3640370877033,1019.2891016871865,750.3640370877033,0.0,6579.0,0.9070357979351377,91.52400212410204,493.8479563812935,93.40141755228875,503.9781708711662,0.020512820512372264,0.8371972815635607,9307.209694033498,0.8994880769933471,0.386528521758972,0.443524659605082,37676818.93581554,0.12546660672495827,49373.650250798,61898.0
26,769.7641805076778,735.5879034785333,769.7641805076778,735.5879034785333,0.0,6382.0,0.9057479734257828,90.14330132904945,486.3979296103249,91.99239468964532,496.37532303822894,0.020512820512365252,0.7940575401028289,7422.38135740285,0.8951882086996461,0.32337704340178786,0.4638050468096079,31326096.631633732,0.11560783067772447,49278.913350047005,63227.0
27,614.8280360160534,749.5227747128449,613.5925140172753,750.758296711623,1.747291967282219,6599.0,0.8799830790857657,91.66301192797091,494.5980296513033,91.6630119279709,494.59802965130325,1.5503368715462755e-16,0.7685335776814399,4293.140931421172,0.9217029773666826,0.19098771902185296,0.47838267884174657,25094818.95428405,0.1090376688431082,47966.43445976663,61573.0
28,152.036490914507,385.65445338099494,152.036490914507,385.65445338099494,0.0,6714.0,0.8913286072061407,92.45826249368892,498.8890665113215,94.3548422371492,509.1226883884768,0.020512820512376725,0.8135128373204978,7180.777909995382,0.8932135189696813,0.3137821220748626,0.41449665968267013,49059181.04825181,0.1412564677277686,50000.02129877867,63426.0
29,431.1211201079622,33.98397435897436,431.1211201079622,33.98397435897436,0.0,5928.0,0.6979707880381837,86.8778684199264,468.77820875629146,88.65997854136079,478.3941720128308,0.020512820512348266,0.5287369564351944,1026.2200159161366,0.9870528587702261,0.052673555242570266,0.2870754823027449,122812761.2809817,0.24834044063206248,49282.29588394062,62540.0
30,1161.4202206978825,930.8411257793312,1161.4202206978825,932.0766477781092,1.2355219987780401,6706.0,0.890848488039829,92.40316221317322,498.5917547647065,94.29861169446907,508.81927793936705,0.020512820512376476,0.8340425186159623,8758.361081024046,0.9314682282907973,0.35731945643745905,0.3877724436964674,55059741.4946681,0.15788320347558257,49022.47241276469,61356.0
31,145.64649929830034,117.67222828629346,145.64649929830034,117.67222828629346,0.0,6413.0,0.9080520524780128,90.36196766553171,487.577815988706,92.21554648944004,497.5794122141153,0.020512820512366425,0.8123067544098512,8136.083688827707,0.9169268267948698,0.339024638453971,0.45041905388794634,30444037.12602607,0.12201547456044709,47454.20552003742,62036.0
32,1118.0313791519975,785.3557324353284,1118.0313791519975,785.3557324353284,0.0,6533.0,0.8382901024827665,91.2034755135725,492.1184492803999,93.07431603692783,502.2131867015363,0.020512820512370612,0.8190263347393123,7571.415355460415,0.8960621816359623,0.3242499721478884,0.4434915887575475,34967643.65902069,0.12548341960701542,48849.17403949181,61570.0
33,528.1336701883325,783.086969836166,528.1336701883325,783.086969836166,0.0,6531.0,0.8583282841790968,91.18951401704774,492.0431154186067,91.18951401704774,492.0431154186067,0.0,0.798251009707021,4926.882492134961,0.910653594554942,0.20494850441580945,0.4623292636657388,28460256.555499524,0.11629606399368954,48437.03965702037,61541.0
34,444.6895189821868,819.0337858220212,443.45399698340873,819.0337858220212,1.235521998778097,6630.0,0.8821437016770014,91.87806148147733,495.7584004835998,93.76273966571276,505.9278035704429,0.020512820512373922,0.7936754599622695,5931.663087523993,0.9132658446097925,0.2636478863223682,0.39078865082265596,52204166.06306084,0.15589279471010295,49121.762745098036,63034.0
35,785.6052303860523,516.040316519326,785.6052303860523,514.804794520548,1.2355219987780401,6424.0,0.8352907112685612,90.43943186121132,487.9957996196799,90.43943186121132,487.9957996196799,0.0,0.791515441248963,6057.654685434848,0.8755149372649849,0.2700907582689024,0.5260406849911611,19481671.521283828,0.09009936465594913,49526.97882938979,61680.0
36,539.6624959897338,693.6360282322746,539.6624959897338,693.6360282322746,0.0,6234.0,0.8729691439641867,89.09194869279156,480.7250095150255,87.26442154011892,470.86398367881986,0.020512820512359992,0.7478774271393425,4054.290406539476,0.9241483961775614,0.17447829598404474,0.5561710386071409,13672113.30489466,0.07980080417426479,47790.352582611486,60982.0
37,234.36712496951986,601.4439827639274,235.60264696829793,601.4439827639274,1.2355219987780686,6498.0,0.9078569350426074,90.95883993152665,490.79843726772947,90.95883993152665,490.79843726772947,0.0,0.7741160718859885,5754.831481676144,0.881216540375338,0.26039173022973217,0.46435476476426757,30624100.06829866,0.11535258726324384,48817.38427208372,61505.0
39,1398.0040160542603,435.71565389696167,1396.7684940554823,435.71565389696167,1.2355219987780401,6056.0,0.8830629031799168,87.8108118793816,473.81221306312364,91.4133067257152,493.2506628298159,0.04102564102470656,0.8099549697767918,6697.606895609979,0.9167246943179436,0.2764184153600984,0.5095612907740246,19314864.38359515,0.09624724603413223,48685.04392338177,61921.0
40,1263.3267659778953,119.76555563645226,1263.3267659778953,118.5300336376742,1.2355219987780686,6243.0,0.8351485106595993,89.1562363370147,481.0718947143541,89.15623633701469,481.07189471435396,1.593927166369555e-16,0.7826161542352518,4735.743358368241,0.9265345131240011,0.20385076328817395,0.4438911460585375,30434164.113375172,0.12528045645409797,46489.51081210956,60026.0
41,227.0084284937466,281.8224578575313,227.0084284937466,281.8224578575313,0.0,7356.0,0.7529106172728799,96.7778388427426,522.1967661628358,92.80746596714289,500.77330908948863,0.041025641024793315,0.5038193636462874,848.4027331266352,0.9506736661479258,0.06350963574993286,0.2756317888028453,138391630.38116157,0.26280285533947717,48746.01862425231,63953.0
42,1427.1642521810272,126.326122388502,1425.9287301822492,126.326122388502,1.2355219987780401,6749.0,0.6759308773855223,92.69894113428488,500.1877275406084,90.79742439306878,489.92746646285235,0.020512820512377936,0.7639661478313735,4573.656098875148,0.9115581244897457,0.19304780527692572,0.5051789218509799,22438223.346368287,0.0979496682751512,49238.60720106682,64294.0
44,62.7638358778626,584.7773536895675,62.7638358778626,584.7773536895675,0.0,6288.0,0.8750952827909126,89.47698171761664,482.8025822613674,91.31240698361901,492.706224974421,0.02051282051236181,0.7839546967167423,4710.461928134925,0.9310278375299774,0.19013232878036562,0.47074397715651106,22865053.61636591,0.11242969608244695,46745.00699745547,61169.0
45,211.77308542208303,740.2971241245716,209.3020414245269,740.2971241245716,2.471043997556137,6711.0,0.676706137486585,92.43760373742754,498.7775953745236,92.43760373742754,498.7775953745236,0.0,0.8365719373447973,5806.007159718871,0.9187426818893732,0.2416273842177016,0.38673352026090974,56019568.27168389,0.1585759825849464,48979.34003874236,63407.0
46,723.2822593734784,932.7615646810583,723.2822593734784,932.7615646810583,0.0,6161.0,0.8572180595352087,88.56878025079344,477.9020815406388,90.3855757431174,487.70520116198514,0.02051282051235724,0.7792331058383628,5182.470142408839,0.9097766062468778,0.22152389025631225,0.5891653207133755,9306551.495247792,0.06973164659270442,47362.9008277877,60077.0
47,562.0517323208353,868.5393553940396,562.0517323208353,869.7748773928176,1.2355219987780401,6321.0,0.8950252648859377,89.71146616944215,484.067820501061,91.55170137291788,493.99741681903146,0.02051282051236312,0.8070169445269202,6903.825618555737,0.9206895791295386,0.27619571368069945,0.44953384814143865,31323508.549335144,0.12245265937913667,48667.26704635342,61825.0
48,355.42984436108236,460.0486089421286,352.9588003635262,458.8130869433505,2.762711176964186,6602.0,0.6609431849943271,91.68384522009067,494.7104425539219,91.68384522009066,494.7104425539218,1.549984588972931e-16,0.7813575725559756,5125.540355059526,0.9186562761730124,0.22240539917442517,0.42704001753980314,36513547.41724508,0.13417009154342147,47661.50348379279,61902.0
50,921.7043605597137,824.3904135690709,921.7043605597137,825.625935567849,1.2355219987780401,6146.0,0.9152353769358428,88.46089668289775,477.3199601484802,92.09006167501663,496.902317487905,0.041025641024713386,0.7768140320274093,7396.417884282376,0.8795657419652022,0.32520966249896127,0.3846667351803238,48974888.05916732,0.15996529165206363,47107.82427595184,61430.0
53,973.7031273380219,167.87999207476696,973.7031273380219,165.40894807721082,2.471043997556137,6683.0,0.7601169403447597,92.24456557144758,497.735994247384,90.35236935459737,487.52602513461716,0.020512820512375792,0.7884420032131032,4525.039136437682,0.9247344256302008,0.1942819072318819,0.45894342235494395,28112339.902251814,0.11789178170781285,48426.36824779291,62884.0
54,1196.0430412789838,537.9102042223017,1194.8075192802057,539.1457262210797,1.747291967282219,6224.0,0.7698741904855166,89.02046352626823,480.3392877089439,89.02046352626823,480.3392877089439,0.0,0.7918287832316628,6340.609793301272,0.8849919508258328,0.2663117756972371,0.4021778023995385,48769240.22279201,0.148646244032773,48649.894280205655,61703.0
55,720.1259740259741,224.0692157427036,720.1259740259741,226.54025974025973,2.471043997556137,6930.0,0.6169467749168505,93.93375349156807,506.85056510240776,93.93375349156807,506.85056510240776,0.0,0.8360094896649097,5195.256644848344,0.9594511533850795,0.21749919049069105,0.25289034168381685,176868724.6646754,0.29542830831012035,49241.8797979798,64924.0
56,145.11278384387887,802.1361849166994,142.64173984632274,803.3717069154775,2.7627111769641606,7288.0,0.5771989823354701,96.32948563150259,519.7775284550306,94.35349618265126,509.1154253072351,0.02051282051239464,0.8473443399093801,4851.448836892369,0.9425425484686671,0.20575528639812196,0.3167337828508302,98568524.86608152,0.21572255760004064,48577.63350713502,65024.0
57,655.5144286905755,837.1194328607172,655.5144286905755,837.1194328607172,0.0,5995.0,0.8978628725843628,87.36744857604175,471.4199000500634,89.15960136734518,481.09005184596214,0.02051282051235096,0.7688310552425697,5259.537653915073,0.8910740655628753,0.2274403193320595,0.5135307879945603,16663642.943550806,0.0947302914213184,46802.477898248544,59686.0
58,244.87347133898737,381.507235471266,243.6379493402093,382.742757470044,1.7472919672822391,6593.0,0.7446220913952559,91.62133113221466,494.37312716313784,91.62133113221466,494.37312716313784,0.0,0.7487730603105255,3821.854865316051,0.9053102819563624,0.18406191050411747,0.3333676416413025,82798036.42986575,0.19996912570056272,48393.93462763537,62150.0
59,539.6535177857176,170.66185988506183,538.4179957869395,171.8973818838399,1.7472919672822391,6646.0,0.8225919293334554,91.98885809873875,496.3562401949175,93.87580903409747,506.53790666045415,0.020512820512374342,0.7482757797340299,4220.0696996749875,0.9369791411524027,0.1734395370739075,0.3082457738835457,97145055.40531754,0.22441645100308721,48473.29009930785,62757.0
60,417.29623345775366,392.0615880556498,417.29623345775366,392.0615880556498,0.0,5894.0,0.8965653012987305,86.62836646658558,467.43193863139646,88.40535859923348,477.020286090502,0.020512820512346885,0.7787744176647758,5473.270117146611,0.9175300802354017,0.2291526210436949,0.5000572285828814,18712067.623094376,0.09997711118663616,46896.47997964031,60481.0
61,1175.2449258094844,447.1784422132215,1176.4804478082624,445.9429202144434,1.747291967282259,6342.0,0.8222799169961562,89.86036497093923,484.871253121143,89.86036497093923,484.871253121143,0.0,0.8306824370011197,7163.1937883794135,0.9225905951078738,0.28600985520682326,0.3821625508904916,56005526.32678127,0.16166875788060905,48909.476348155156,62163.0
62,283.63144417890067,680.4774667121885,283.63144417890067,680.4774667121885,0.0,5858.0,0.9132888149035508,86.3634022781559,466.002236914542,89.90651621777255,485.12027740334366,0.04102564102469088,0.7539751618576,4612.351080794791,0.8883331119682099,0.1969385791808937,0.4298107041837094,30104744.223305404,0.13266056202559828,46913.06572208945,61092.0
63,745.501690549026,434.5660924166801,745.501690549026,434.5660924166801,0.0,6211.0,0.8814792640155965,88.927446901112,479.8373858124272,90.75159965805788,489.6802039829385,0.020512820512359073,0.8176728615389681,6442.451019224669,0.9181660264251125,0.2583122961592574,0.39876193617798794,45128063.2166411,0.1507761923278577,48656.68732893254,60697.0
64,331.03662190711907,355.94928200427745,329.801099908341,355.94928200427745,1.235521998778097,6546.0,0.8329825260650896,91.29417319761637,492.6078385648944,91.29417319761637,492.6078385648944,0.0,0.7868292114808839,5183.510796477298,0.8926827618521229,0.2242709064480162,0.3984081254284566,51220110.32302542,0.150998896903666,48945.165444546285,61480.0
65,1071.2227713710415,33.89383122826286,1071.2227713710415,33.89383122826286,0.0,5463.0,0.8722008350243469,83.40088508456127,450.01699776582825,86.82245985726121,468.47923357160573,0.04102564102465711,0.6607798344480983,3232.0835240449346,0.9300052817446195,0.12960344703139196,0.4123850274149592,41220691.881382145,0.14249183009104688,48615.98480688267,60987.0
66,1510.9553058676654,727.9131086142322,1510.9553058676654,727.9131086142322,0.0,4005.0,0.75757878040268,71.40955381924975,385.3138127845224,71.40955381924975,385.3138127845224,0.0,0.5163408923986531,1673.2222771991298,0.9483151466851356,0.05598414885823831,0.2811015973289098,131855730.95644894,0.2557432648914924,49254.98277153558,62239.0
67,962.4617277865594,932.9762057877814,961.2262057877814,932.9762057877814,1.2355219987780401,6220.0,0.9072340533359509,88.99185338137819,480.1849122308419,90.81732729689364,490.03485914839763,0.020512820512359458,0.781066643862873,6008.559428172659,0.8982247814796289,0.26239441496060895,0.3586139253591214,61793013.32940079,0.17885141353576406,47738.05209003216,61271.0
68,1049.9502959618044,115.36304020315848,1048.7147739630263,117.83408420071461,2.7627111769641606,6437.0,0.8331077813070223,90.53089499977476,488.48931916663463,92.38793899977014,498.5096128931297,0.02051282051236739,0.7735031452498233,4640.441409131592,0.8942247916600089,0.19316719101622648,0.3693802112766598,52474761.646590464,0.17072376090310268,47745.82118999534,60530.0
69,1456.1210691823899,304.66872328424085,1456.1210691823899,305.9042452830189,1.2355219987780401,6360.0,0.8760175912386289,89.98779641993482,485.55885155657694,91.83369993624117,495.5190331269682,0.020512820512364558,0.8304937158710883,7003.075450244072,0.9198108426312497,0.2764102118128358,0.3456015221507468,79449012.1889072,0.18935057744445155,49476.402358490566,62101.0
70,431.91722946442593,660.9502797917041,431.91722946442593,662.1858017904822,1.2355219987780401,6367.0,0.8866826760185481,90.03730438728594,485.82598813204913,91.88422345164052,495.79164942706547,0.020512820512364825,0.7623554992103898,4430.448894881026,0.929075094618961,0.18977069085778925,0.3793738393208639,50871962.50264387,0.1635922397258994,48142.128789068636,60794.0
71,1052.2190936354548,923.348717094302,1052.2190936354548,923.348717094302,0.0,6002.0,0.8810046524430843,87.4184405460338,471.6950440515056,89.21163932646527,481.37083982692116,0.020512820512351267,0.7739759139206535,5057.174759381137,0.8916693568598386,0.20908599727972538,0.4176469833294083,34419875.63776174,0.13943666299901794,46589.53382205931,60865.0
72,864.1581191821455,480.598580287953,865.3936411809235,479.3630582891749,1.747291967282259,6605.0,0.6402436906463541,91.70467377934317,494.8228299187933,89.82355226592074,484.6726180230231,0.020512820512373197,0.6111983739986169,2452.8751342269998,0.9352479308590882,0.10978870710222174,0.3522904256145825,71615148.70986927,0.18385670665203754,48212.02482967449,65236.0
74,802.1790177785601,885.8121809540573,802.1790177785601,885.8121809540573,0.0,5681.0,0.9067367288916084,85.04865580149082,458.9080884333582,90.28241923542872,487.14858618310336,0.06153846153701439,0.7636612653931418,5199.289557158373,0.8835189462756282,0.22623072842713018,0.46979731113084516,18210562.799077317,0.112857752972853,44936.67558528428,59377.0
75,320.6133461047254,539.5420466793275,320.6133461047254,542.0130906768837,2.471043997556194,6264.0,0.8855112604996346,89.30606087058739,481.8803224273416,92.96989926527814,501.64977155256577,0.04102564102472218,0.7958665245113692,5828.584839556569,0.9303141430194986,0.24421922006984667,0.3131820054379623,89283304.39098692,0.21930314725508337,47831.2188697318,61608.0
77,1268.4915383838268,212.16147407563736,1267.2560163850487,213.39699607441543,1.7472919672822391,5859.0,0.7625228010162479,86.37077337041343,466.0420100752779,86.37077337041342,466.04201007527786,1.6453314194522322e-16,0.7797063760037366,4678.766252596808,0.9265674765701177,0.19586809355464554,0.3950528770443759,44192485.19690777,0.15313067138799016,47079.6832223929,62326.0
78,1507.8793855096533,124.94208013286278,1507.8793855096533,124.94208013286278,0.0,4817.0,0.6176585882353594,78.31471692465777,422.57289902357616,81.52762838823347,439.9092230860818,0.04102564102459319,0.5362126844979923,1255.8815394229898,0.9909687701188934,0.041712669262912117,0.2399160806964971,195473008.64970183,0.3168124108633792,49634.326551795726,62917.0
79,1069.906456895415,303.9067654421598,1068.670934896637,302.6712434433817,1.747291967282259,6482.0,0.8192444544364479,90.84678711420302,490.19381931443013,92.71031095244308,500.24907714652096,0.020512820512368853,0.774245796978433,5888.076344297574,0.8822910824121823,0.27236144416652946,0.3398361893304173,91506209.54115751,0.19425942009599098,49871.32505399568,65022.0
80,1147.8808479844408,255.5653930557325,1150.351891981997,253.09434905817636,3.4945839345644782,5999.0,0.8876586222454526,87.39659048765141,471.5771448509841,89.18934106175708,481.2505221812607,0.02051282051235107,0.7597009700674726,4509.416597799163,0.9484460637593819,0.1778858888580962,0.28335584496396055,119694854.41885737,0.25291313652880104,48610.36572762127,61152.0
81,677.2376174197666,361.4607174103237,679.7086614173228,361.4607174103237,2.471043997556194,5715.0,0.897755442531323,85.30277837304864,460.27929062864706,87.05257895505989,469.7209171030808,0.020512820512339488,0.7439920462153753,4436.968765096056,0.8752378259051566,0.2069268580762289,0.35901400315108717,57288532.29342696,0.17854066727841833,46898.16080489939,61463.0
82,1013.7282627919792,657.7882436260624,1012.4927407932012,657.7882436260624,1.2355219987780401,5648.0,0.8955303350560029,84.80127916879674,457.5732861773685,86.54079258764385,466.9594048681863,0.020512820512336702,0.8063433582032862,5549.907005705996,0.942652195722396,0.22056260732873698,0.3908540709368714,40859830.79687003,0.15584996405513057,45192.09844192635,59169.0
83,623.3472700442695,655.9404988783251,623.3472700442695,658.4115428758813,2.471043997556194,6099.0,0.8672401781059638,88.12200623760081,475.4913649170336,86.31437534041926,465.7376958930945,0.02051282051235494,0.6338714676666111,2445.025378669039,0.9486553963231318,0.11664365979410356,0.3907499227310119,44574846.93090864,0.1559181568126347,46131.00295130349,62512.0
84,811.9647952843461,638.9098652263455,810.7292732855681,637.6743432275674,1.747291967282219,5862.0,0.8673870384402139,86.39288287375022,466.1613091966677,89.93720627369895,485.285875727813,0.04102564102469124,0.7775458483794002,5234.104830997939,0.891725922534306,0.21398557139909766,0.3346786616661967,68814407.12249537,0.19879407160931717,47751.51177072671,61375.0
87,1371.4949436017114,23.663749513807858,1371.4949436017114,23.663749513807858,0.0,5142.0,0.49789123359127724,80.91352012505826,436.5955992963931,67.63540400197178,364.9491419759594,0.1641025640985078,0.5181652233532953,887.3378760482509,0.976336610966134,0.036649028781653034,0.3411006049298865,84119680.0879339,0.19316863867935705,48909.144301828084,64549.0
89,281.90548614883215,69.79431468404853,281.90548614883215,69.79431468404853,0.0,5523.0,0.8920219406547755,83.85762938202048,452.4815123483876,83.85762938202046,452.48151234838747,1.694640645053813e-16,0.6151783945232521,2665.3519549309144,0.9296786710578043,0.11731153701371518,0.466345582528972,23921014.791817274,0.11443325239129386,45977.249139960164,59945.0
90,1341.229609929078,524.3609319019312,1341.229609929078,525.5964539007092,1.2355219987780401,5640.0,0.8183400096565905,84.7412003237287,457.2491109427851,88.21776238829193,476.00804882761724,0.04102564102467273,0.612557216684176,2698.6809660526774,0.9002647075383852,0.11686360295463812,0.33709272036505533,56545824.27823345,0.19665428518214445,46581.62056737589,60217.0
92,641.1957911561002,998.8766648907832,641.1957911561002,998.8766648907832,0.0,3754.0,0.7791523296109956,69.13567278139269,373.0443372640221,66.29933748779709,357.73995419678016,0.04102564102445419,0.5784632046908258,2077.2495684566575,0.9645770161289051,0.0703927973714734,0.4377542052238929,34386142.75106707,0.12843869643434766,47005.1747469366,60421.0
93,807.7282003710575,974.9783791416352,807.7282003710575,973.7428571428571,1.2355219987780401,5390.0,0.8869084340353429,82.84178381784477,447.0001823778414,86.24042110267942,465.3386513984707,0.04102564102465047,0.7258970142420178,4069.4674368249907,0.9198383803065392,0.17385725305920788,0.43469062847390993,25358734.626584973,0.13004866783320126,44628.840074211505,60250.0
94,634.8804410911201,923.9199071387116,634.8804410911201,923.9199071387116,0.0,5169.0,0.879490068261716,81.12567538539237,437.7403530147617,81.12567538539236,437.74035301476164,1.7517086480133631e-16,0.6552677814191785,3101.9746054895663,0.9436675967329708,0.1275426646229649,0.5540710164349126,10537744.564385701,0.08048227940785481,45364.24414780422,59389.0
95,870.6082602954004,568.8849261883933,871.8437822941785,566.4138821908371,2.762711176964211,5806.0,0.8695566035404189,85.97923468333708,463.92933388139073,87.74291129222604,473.44583303793206,0.02051282051234326,0.6430570192229793,2922.7687496634117,0.9413400590746926,0.12358866417372295,0.32863417813414203,71427691.10751794,0.20428971377159064,47381.5187736824,62438.0
96,1239.7925347492335,677.9573713029904,1238.5570127504554,680.4284153005465,2.76271117696411,5490.0,0.8024390670626923,83.60672879975657,451.1276954595905,83.60672879975657,451.1276954595905,0.0,0.731892601852468,4087.982791698359,0.9344332760285955,0.16637006502335314,0.313770208987126,92314732.6285883,0.21870457148499714,47772.161566484516,62032.0
97,356.89998029963544,121.33131354292108,355.66445830085735,122.56683554169915,1.747291967282279,5132.0,0.8923249818447276,80.83480279917094,436.1708539878506,84.15110240118821,454.0650428694034,0.04102564102462595,0.7095551849907787,4029.018078746381,0.8992339107134938,0.1661738099733521,0.35747828112798546,52475202.18791723,0.17973727434422146,44997.90432579891,60463.0
100,1062.4184143222506,1000.8005115089514,1062.4184143222506,1000.8005115089514,0.0,3910.0,0.7853672629310812,70.55754119804973,380.7164975226727,73.4522095548928,396.33563588257726,0.041025641024478185,0.4701931628430079,740.4169594465068,0.9760821674418606,0.03160864490322312,0.25457418226899453,150680500.75648174,0.2928128104299889,47880.22762148338,60338.0
101,173.35032679738563,215.04784692875006,173.35032679738563,213.812324929972,1.2355219987780686,5355.0,0.8777987322777643,82.57237892937805,445.54651939850595,84.26617131767298,454.68593518103944,0.020512820512323712,0.6967519768271689,3716.078794847506,0.9107940977593361,0.15536457113692306,0.3274283822036196,73571501.15416214,0.20541029866437324,46446.191036414566,62916.0
104,1273.059993491411,591.208744497058,1271.824471492633,592.444266495836,1.747291967282219,6244.0,0.759967361527546,89.16337654736027,481.110422075543,90.9923688867933,490.9793538104259,0.02051282051236037,0.8241686593322761,5529.495857764963,0.9293259119657622,0.2357386002574524,0.3034280292956939,106443468.48883882,0.22956744382553046,48926.84593209481,64853.0
105,1350.3881038998525,179.47950671019223,1346.6815379035183,179.47950671019223,3.7065659963341204,5514.0,0.6279154080661368,83.78927645987693,452.1126916004977,82.07052207095637,442.8385851061285,0.02051282051233096,0.7300833193060641,3642.3002799502992,0.9467399746128948,0.1550379961120965,0.31731334818844087,85176583.76493278,0.21514589780387564,46105.3505622053,61198.0
106,56.564193327449395,109.83103383103384,55.32867132867133,109.83103383103384,1.2355219987780686,5291.0,0.8641680328485749,82.0774660378459,442.87605357099005,82.0774660378459,442.87605357099005,0.0,0.6195835158233755,2488.1996662229203,0.9523061536484398,0.10453543029521131,0.35932883147660516,48609524.79059457,0.1782966220357709,44461.0738990739,59906.0
107,149.58044792202855,584.5762143951501,147.10940392447242,585.8117363939282,2.7627111769641606,5402.0,0.8694512802982302,82.93394974712919,447.4974940640521,88.0375774238756,475.0358013910707,0.06153846153697752,0.6001630665020238,2381.910305284707,0.9269476119222132,0.1017732331609269,0.2988435891638162,72736791.2119432,0.23462320633949854,45125.76268048871,60082.0
108,608.7345115925503,478.7332414970677,608.7345115925503,477.4977194982896,1.235521998778097,5262.0,0.8807181367326815,81.85222345420084,441.66068288088053,90.24732329565734,486.95921445840673,0.10256410256159652,0.6346841756972437,2801.144382677416,0.9085335465862527,0.12400921707767788,0.35962425061544356,34389103.92845181,0.178068010788663,42413.44317749905,58782.0
110,1476.657653146319,391.4439861979432,1475.422131147541,392.6795081967213,1.747291967282259,4880.0,0.8500422951590174,78.82517984950998,425.32727018738143,77.20825308336619,416.6026082348198,0.020512820512300012,0.6571328592412493,2872.1494432403665,0.9470235645623512,0.114829318465372,0.40215127273127715,39011039.28917033,0.14866264707017685,46108.39487704918,60688.0
111,19.930594594594595,381.62875675675673,19.930594594594595,381.62875675675673,0.0,4625.0,0.45132447889464755,76.73807981960539,414.06563323302134,100.34979668717628,541.4704434585664,0.30769230768428846,0.6056755985216647,1070.090359017696,0.9912948956662851,0.040715461769265444,0.21064938918538142,221891057.1762619,0.37472247788952884,44067.893405405404,59839.0
112,402.51678683018383,932.4935352789065,403.75230882896193,932.4935352789065,1.235521998778097,5414.0,0.859909635607705,83.02601336446409,447.9942536923763,86.43220878454467,466.3735051259097,0.041025641024652774,0.7006908832669463,3776.497126564086,0.943262302780771,0.15011346971466685,0.34723052335185767,54923805.68174183,0.1879931148756396,45622.51902475065,59350.0
113,1081.8853847540097,195.8938388126184,1081.8853847540097,194.65831681384034,1.2355219987780686,5549.0,0.7783064789942946,84.05478114738874,453.5453097585146,87.50318242523032,472.1522968255305,0.04102564102466479,0.5653398190739959,2028.0426387138757,0.9484425122781178,0.08362905723424888,0.29266305575800605,71316620.98634574,0.24168986495749184,45433.15984862137,60613.0
114,980.7423474559092,55.33441314412009,980.7423474559092,52.863369146563954,2.471043997556137,4933.0,0.8760610725420107,79.25207047250285,427.6306994176451,77.626386975631,418.85878763471896,0.020512820512302913,0.5887956776094443,2236.09859762452,0.9545133536300723,0.09204899327976551,0.38318017964185375,42594820.00678993,0.16097383244996336,45545.01013581999,59613.0
115,840.393478365098,268.5497215592681,837.9224343675418,268.5497215592681,2.471043997556194,5028.0,0.8533430130588511,80.01155185926841,431.7287318687963,81.6528144615098,440.5847058558485,0.020512820512307694,0.7046108311322901,3616.9287640008974,0.9313459492976172,0.15454514156521762,0.2742875886586067,120091511.36018994,0.26458084191503634,46706.684964200474,61589.0
116,1260.1067871122511,380.57875312527676,1261.3423091110292,383.0497971228329,2.7627111769641606,5422.0,0.7230289823917293,83.08733243734602,448.3251209854048,86.49604351169867,466.71794646172907,0.04102564102465344,0.6436836877144863,2797.2195092480006,0.9619920626726972,0.10737419051793962,0.2800135926070335,92026752.61842641,0.25712552047549475,46089.49778679454,60924.0
120,664.3573931324457,545.2507053671499,664.3573931324457,544.0151833683718,1.2355219987780401,4281.0,0.8408790691708931,73.82911682399588,398.36936343242166,78.37244709008792,422.8844011821091,0.06153846153679433,0.5968708801097005,2514.566749145975,0.9401634597082081,0.10158352796319389,0.5355296758768137,8555158.602256324,0.08673101511372212,40481.53819201121,56373.0
121,516.9076463180536,433.48173706686305,518.1431683168316,431.0106930693069,2.7627111769641606,5050.0,0.8491191496851134,80.18640596081465,432.6722148755425,83.47610466689935,450.4228698447955,0.041025641024617636,0.6594069696942535,3125.586298359583,0.9558701533306381,0.12606722406948484,0.2729321933698735,95685323.96660863,0.26639136909906974,43913.916435643565,60033.0
122,977.1957868649318,454.3704259566123,977.1957868649318,455.6059479553903,1.2355219987780401,4842.0,0.6879808068670542,78.5176787456663,423.6680465062286,88.18139305282523,475.811806076226,0.12307692307378804,0.6148604926329251,2596.014260317246,0.9304708043615032,0.1144280075936797,0.29711275091226913,63319252.60824327,0.23657256274917604,42119.19041718298,64626.0
123,208.1552200025834,517.8931121961913,209.39074200136147,516.6575901974132,1.7472919672822391,4407.0,0.8787774324763272,74.9077210549611,404.1893284999908,77.98085832901077,420.7714547974262,0.041025641024545464,0.6877135095256858,3458.080972883321,0.9284369515340455,0.14155859426354342,0.41465643921899664,25123411.339468308,0.14116350439016334,42147.39732244157,58411.0
124,19.553582554517135,183.14080996884735,19.553582554517135,183.14080996884735,0.0,3210.0,0.7486373115588122,63.9304226374257,344.95769237970075,59.99624278281489,323.72952669479605,0.061538461536536346,0.5297099834285622,1268.4252965898932,0.9701835309317777,0.03996043719107435,0.40232800000353325,44709707.80642238,0.14855341909865033,46196.107476635516,59234.0
125,495.69830699777015,324.520737363516,493.227263000214,325.75625936229403,2.7627111769641606,4673.0,0.7807866298440003,77.13526037129463,416.2087519692427,81.88204562491276,441.82159824427305,0.06153846153686591,0.5636347082104138,1683.3145609290416,0.9590831282253177,0.0702487493411626,0.2578302963139295,113705868.05552194,0.28785201518072107,44821.32270490049,60301.0
126,962.6566397585859,576.3924113829256,963.892161757364,576.3924113829256,1.2355219987780401,4006.0,0.8897329941981968,71.41846831323858,385.36191387862215,75.81345097866864,409.0764931942296,0.061538461536738184,0.6087814880438853,2717.5120635365274,0.9298393474693428,0.10911477707652188,0.5085505697786658,10756001.256582558,0.09663727845890047,41732.88517224164,56348.0
127,859.966624805637,722.3566497183937,857.4955808080808,723.5921717171717,2.762711176964211,4752.0,0.8737841632721606,77.78453777314289,419.7121424524576,79.38011803515607,428.3216222976362,0.020512820512293074,0.7389116646315892,4228.6863270214435,0.9482746255005288,0.16852787239938805,0.2804854916294392,106521728.37023655,0.25652467947295493,45513.505681818184,60575.0
128,1415.5592526234964,974.1783977476324,1415.5592526234964,974.1783977476324,0.0,3907.0,0.7971209256321635,70.5304678935301,380.57041457394655,70.5304678935301,380.57041457394655,0.0,0.6163879600239555,2566.1631693940362,0.9422628991637867,0.1030508425514774,0.5015421344419141,14086763.987669278,0.09938504291623274,42326.99590478628,57788.0
129,1007.0753682511803,246.54304953223246,1005.8398462524023,249.0140935297886,2.7627111769641606,4683.0,0.8412160457086669,77.21774917721163,416.65384754287385,77.21774917721163,416.65384754287385,0.0,0.5809302473113023,2144.005093160062,0.9639461818092617,0.07865522952435923,0.36861822910856257,42750369.00336516,0.1712833823813656,44770.386931454195,60568.0
130,1418.8150127226463,739.5933842239185,1418.8150127226463,739.5933842239185,0.0,3930.0,0.872853386719649,70.7377650962284,381.6889550391821,73.63982725402238,397.3479890920716,0.04102564102448098,0.5221734561831948,1849.3995938794435,0.9323921403848289,0.07026019840385318,0.37602254468313345,34496602.872148745,0.16594150115192685,43254.44300254453,59152.0
131,1282.3408977043716,859.7472756424075,1284.8119417019277,858.5117536436295,2.76271117696411,4254.0,0.8376522351830404,73.59593075234108,397.11113103140457,73.59593075234108,397.11113103140457,0.0,0.6818343864746896,3324.19544697539,0.9284349929499242,0.13226820193441308,0.37180527973177296,42611312.45407172,0.16895798809565538,43577.24847202633,59600.0
133,21.8805787150564,273.0657184894556,21.8805787150564,273.0657184894556,0.0,4078.0,0.4200187766485842,72.05741366042771,388.8095543513457,89.79462317684067,484.51652157629223,0.2461538461470138,0.5769370940360294,970.5402393382667,0.987041835319425,0.030808739433209272,0.28390037706944066,109721451.37547767,0.2522362352324051,44324.85826385483,60986.0
137,1347.7020092786215,95.70029694985439,1346.4664872798435,94.46477495107632,1.7472919672822391,4088.0,0.6325560014893753,72.14570852710052,389.28597844178483,69.18588458752717,373.3152716339167,0.04102564102450372,0.6140119124225096,2554.019529434162,0.9426154697628543,0.09309307938550011,0.39400598045258073,38637778.333801225,0.15380325416668433,43815.08023483366,59728.0
141,905.1349735527085,989.0854981805583,903.8994515539305,991.5565421781143,2.76271117696411,3829.0,0.8428140762028676,69.82287745997681,376.7523768848667,69.82287745997681,376.7523768848667,0.0,0.6574346574195903,3091.6247999823454,0.9634131605435594,0.10959613736283078,0.29407800918671606,82211925.83374049,0.24004582755627946,43688.77226429877,59398.0
142,739.7601118916874,812.924892270497,737.2890678941312,814.1604142692751,2.762711176964211,4345.0,0.815884781661721,74.37893399259148,401.3360834052449,77.43037743844138,417.8011534936652,0.041025641024537755,0.6757838957949903,3406.1272396386817,0.9424057020128448,0.1333199004468557,0.31227834726835424,66454885.5302903,0.2202271335004399,43305.86029919448,58622.0
143,1079.5802103046346,504.57760756927235,1083.2867763009688,504.57760756927235,3.7065659963341204,4439.0,0.4886443798077989,75.17918820444517,405.6541190891914,69.01063942869581,372.36967854853975,0.08205128204909938,0.5250698789757434,1611.962490140686,0.935270100456592,0.06807561781489377,0.2371726263720374,162045977.78164452,0.3216338180745043,45352.92633476008,65114.0
145,87.04243119266054,189.11955275229357,87.04243119266054,189.11955275229357,0.0,3488.0,0.8539908718854183,66.64127498807512,359.5849908189054,65.27427447549923,352.208888443133,0.02051282051220488,0.5851207958758475,2281.1562385072357,0.9464312084548266,0.08703785351830778,0.42588172511839,26225468.42302025,0.13480697597954266,42991.94868119266,60433.0
146,1083.728235019754,421.383149872989,1087.4348010160882,421.383149872989,3.7065659963341204,4724.0,0.5373024728697657,77.55503600237002,418.4737899126682,79.14590853575196,427.0578676544665,0.020512820512291415,0.530360525896429,1466.091318076411,0.9651079543402367,0.05752618676186983,0.25849462784963295,104870404.1607422,0.28685523498836607,44576.15622353937,64893.0
147,728.7190250507786,1004.9823967501693,728.7190250507786,1004.9823967501693,0.0,2954.0,0.7253333360483718,61.32821222853044,330.91660738907143,55.0381391794504,296.9764425286538,0.10256410256075776,0.4977025056180145,860.1679260661325,0.9783247585109374,0.03265654813886878,0.3518895509473359,68923683.4201416,0.18418007789883503,47270.377454299254,61132.0
149,1199.1814444280806,753.4636082806214,1200.4169664268586,755.9346522781775,2.76271117696411,3336.0,0.8456360149143446,65.17305517801435,351.6627263211852,69.18370472743061,373.3035094794119,0.06153846153657292,0.6182018209601374,2898.0373238862403,0.9354315828065499,0.09994266990484847,0.3393778312493781,44808813.754103914,0.19465684199778815,42450.0404676259,57869.0
150,554.2628936803283,256.8890115058547,551.7918496827721,255.6534895070766,2.762711176964224,4098.0,0.6083964447069635,72.23389546691149,389.76182017722505,66.3070117362931,357.78136313704243,0.08205128204901033,0.6002334207269305,1838.1344379914915,0.9813359205734505,0.06645858088917528,0.38524727561325167,39731934.76492192,0.15957354231984144,42083.12103465105,65525.0
152,836.4710411784399,812.5276168661867,836.4710411784399,814.9986608637429,2.471043997556194,2987.0,0.8357671305561234,61.669818551086486,332.759857032509,65.46488430807642,353.237386696048,0.061538461536465756,0.577395757573678,2255.7146003774747,0.9484272212562361,0.08876560451922685,0.42636116305808863,20441136.704597794,0.13454293839229375,40496.620020087044,55235.0
155,938.33344,744.286401998778,938.33344,743.05088,1.2355219987780401,3125.0,0.8449674628861675,63.078313050504,340.359853907301,68.25396950592997,368.2868162791821,0.08205128204868053,0.5673720769790425,2362.9467330665852,0.9064877505839705,0.08443468168751538,0.3779931209143469,27663891.62092174,0.16455507909272232,41539.2224,57058.0
157,1206.8940162434078,61.66441749153204,1209.3650602409639,59.193373493975905,3.4945839345644782,3320.0,0.8475597571801963,65.0165770286374,350.8183968284325,67.68392377853021,365.2109464419067,0.041025641024379,0.6588413849660417,3094.9207717649256,0.9402484438120675,0.11905138531984442,0.3751942702038259,30368443.875760432,0.1665285904970632,40615.2686746988,55519.0
158,1039.4489674194258,576.9090105986694,1036.9779234218697,578.1445325974474,2.76271117696411,2899.0,0.8293834364514014,60.75460015659091,327.82149416293794,66.98584119829255,361.44421151298286,0.1025641025607263,0.6104970571285766,2863.3855541691432,0.9210599992841597,0.10369488455963964,0.39204125524642675,27019730.209450237,0.15507519594370914,41766.21179717144,57886.0
159,1273.13750850919,1007.0224642614023,1273.13750850919,1007.0224642614023,0.0,2938.0,0.5286590809440126,61.16189812646357,330.0192047677159,54.888882934005764,296.1710812017963,0.10256410256074876,0.4730585415464658,841.0773018465073,0.9599274787853245,0.033950182555409505,0.2853049786090513,128424349.99945489,0.2505021205291631,49413.069094622195,60852.0
160,448.0434874202045,490.4050187570368,446.8079654214264,489.16949675825873,1.7472919672822993,3239.0,0.8341635827128845,64.21855561593699,346.51240894914133,70.80507414064847,382.05214320033525,0.10256410256090824,0.5862960351888813,2650.40965153984,0.9233537705087369,0.09343296214991897,0.316226592608525,46630283.54620123,0.21622893942950497,41909.43686322939,56961.0
161,1156.71375046834,16.09404271262645,1156.71375046834,16.09404271262645,0.0,2669.0,0.6776776936177092,58.29473685418049,314.5484899598927,52.315789484520955,282.2871063742627,0.10256410256058374,0.5544627957110704,1945.2673876360734,0.9560107286083946,0.0571363276054797,0.34395540036592626,76159458.89365107,0.190735368287901,48191.163731734734,61859.0
162,684.860555791695,62.77328784724524,683.625033792917,60.302243849689106,2.7627111769641606,3699.0,0.5995111651475127,68.6273493293699,370.301510331894,62.99638733311391,339.917796663636,0.08205128204889092,0.5455376603961432,1305.5489597654232,0.9683714073051547,0.05095051763956661,0.32118443432201693,59583401.41236393,0.21134759133358497,40720.49472830495,58147.0
163,72.81321666045777,40.56239374362462,71.5776946616797,40.56239374362462,1.2355219987780686,2941.0,0.7916477021734253,61.19311645165748,330.187653543347,63.703603280443424,343.73381368871503,0.04102564102430009,0.539376519764822,1543.8956711350154,0.9654604660782403,0.05433497852775445,0.3385730431361233,43275635.5083471,0.19535724130227047,40946.78442706562,57022.0
164,475.13720570292725,967.2756140516752,473.90168370414915,964.804570054119,2.762711176964237,3326.0,0.7719049938939343,65.07530042795923,351.13525830819526,61.07066655546943,329.5269347199986,0.06153846153657033,0.5616273789351355,1620.5164779030276,0.9774817485903469,0.052986132390586145,0.32148568480516787,55267996.41745019,0.21105584082415263,40272.3442573662,56136.0
166,172.0044303250601,666.0042024439291,169.53338632750396,664.7686804451511,2.7627111769641606,2516.0,0.8645178734342741,56.599211077131365,305.3997211063177,61.24324890910112,330.4581597611951,0.08205128204838269,0.5887684909844808,2682.023774122563,0.9574273517436575,0.0768454572163548,0.3275066855524238,49079195.81676653,0.20533727832555365,42952.89785373609,58533.0
167,581.1129921259843,14.799212598425196,581.1129921259843,14.799212598425196,0.0,2540.0,0.6261320382552488,56.86851891536576,306.852860419098,52.202384030002406,281.6751898206079,0.0820512820483966,0.5083270944705689,1309.210688346681,0.962070802393725,0.042639476363266544,0.28739638617711527,112500267.13234147,0.2479514872479032,46901.29015748032,59796.0
168,259.56063730733723,880.0292696787299,262.03168130489337,882.500313676286,3.494583934564558,3188.0,0.47507165966204934,63.71096976671834,343.7735619963518,71.5523198918529,386.0841542420567,0.12307692307305941,0.5397804379765223,1470.7002113674973,0.9802560014328935,0.04635283157682395,0.4046787075660921,24009343.707821056,0.1471096159257848,38894.97396486826,56509.0
169,1520.228714524207,335.9770450751252,1520.228714524207,335.9770450751252,0.0,2396.0,0.6219493809041158,55.232978818686306,298.0277640992321,43.90313700972501,236.8938637711845,0.20512820512077748,0.4996306428080275,563.7182203337321,0.9912273563314012,0.019473717905308153,0.39134773455741334,51977844.21033856,0.15552722341191766,47588.03338898164,61174.0
171,684.1441016335118,724.8140045461332,686.615145631068,727.2850485436893,3.494583934564518,2575.0,0.8211524091638515,57.25898905580716,308.959770916996,61.95716251679646,334.3103162230058,0.0820512820484159,0.5051432538368066,1334.0033037676067,0.9788436309854148,0.03573184246635039,0.333501116791272,41035980.93535749,0.1998490708580952,40975.48349514563,55692.0
172,1381.9555318853588,271.70455449930944,1379.4844878878027,272.94007649808754,2.7627111769641353,2353.0,0.797860015649509,54.73511348998774,295.34136742268055,52.489570372449776,283.2247985027757,0.041025641024142044,0.5860322896054218,2165.83383752335,0.9687142144139215,0.06562230232024914,0.41745996644661476,24753268.59310702,0.13954392765177423,39782.617084572885,54446.0
173,1251.5778935082883,928.0279239174423,1250.3423715095103,928.0279239174423,1.2355219987780401,2471.0,0.530989640156468,56.09077388519958,302.6562804529765,60.69309379372878,327.4896162850156,0.08205128204835639,0.5136732201683643,1427.4393270615471,0.9397410929001127,0.05919696856617771,0.2783118792070069,68710254.24531204,0.259309132922855,39233.41197895589,60041.0
175,417.2392523364486,1009.4359813084112,417.2392523364486,1009.4359813084112,0.0,2140.0,0.6306211085080464,52.198971500722585,281.65677639274395,46.8452308339818,252.76890189092404,0.10256410256017294,0.5655338435039677,1982.1627502151246,0.961491154635439,0.058834480724988196,0.3465857835180967,70045098.60929228,0.1885288570838872,46232.21121495327,58614.0
176,1083.6541560758849,698.7655591951334,1079.9475900795508,698.7655591951334,3.7065659963341204,2137.0,0.7272084642581784,52.162370604670976,281.4592841798018,46.81238387598677,252.5916652895657,0.10256410256017016,0.48644990974383673,682.6086194052684,0.9770319736711882,0.028064089483881303,0.3160294106239318,59856396.746165,0.21642624590721354,39402.62891904539,55771.0
177,12.610977371208474,629.1372171401059,12.610977371208474,629.1372171401059,0.0,2077.0,0.5884543999865024,51.42488244434724,277.4799234396822,42.98592737655692,231.94475651624714,0.1641025640961819,0.6236134269466836,1591.4371615159953,0.9835410071708982,0.04072788433194126,0.3552060695879671,67369923.5351831,0.1815267208581156,46493.06981222918,60087.0
178,187.88282352941175,11.968941176470588,187.88282352941175,11.968941176470588,0.0,2125.0,0.2979488507310882,52.01570947860099,280.6679256759196,61.618609690035015,332.4835427237816,0.1846153846082861,0.5897444363054395,1513.0181328955543,0.9866607090232105,0.03696256707203139,0.23757791945447965,194868441.46054542,0.32091453713214363,50152.53411764706,64273.0
