label,x_px,y_px,area_px,circularity,eq_diam_px,eq_diam_nm,mean_intensity,max_intensity
1,15.547348484848484,7.191287878787879,528.0,0.714211598973208,25.928179257714298,19.986296201761686,163.2834931407144,188.25839525056534
2,60.07047619047619,12.243809523809524,525.0,0.893237800517426,25.854414729132053,19.929436068901047,144.4281612866691,189.56114010936966
5,165.0,9.97337278106509,676.0,0.8504877996649436,29.33785834448333,22.614589361253117,185.895740414066,224.24545576755852
8,369.7738095238095,3.517857142857143,168.0,0.7593427178167388,14.625465582862905,11.273791511634961,136.96151863209056,150.69912524552635
10,507.7062937062937,11.034965034965035,429.0,0.7399557895364924,23.371344948277684,18.015403940515732,143.22528640103405,181.91844636784717
11,541.5313432835821,6.095522388059702,335.0,0.780192845438056,20.65272978291924,15.919805656756987,178.617235333716,224.42462480543014
13,673.7675568743819,13.513353115727003,1011.0,0.6895163863814575,35.878199226372125,27.656099944262102,169.51846400061896,213.63879713584575
14,731.6376811594203,2.5217391304347827,69.0,0.8632747175653831,9.373021315815206,7.225034139933783,127.12104711318827,140.3360802127331
15,760.2047970479705,9.891143911439114,542.0,0.8975243038330445,26.26967516446403,20.2495325160493,168.38348118457816,209.6574934778684
16,807.6287128712871,4.465346534653466,202.0,0.7984312191296706,16.03728119216293,12.362065573198526,143.7198455667339,174.0397997292299
17,864.1822222222222,3.7422222222222223,225.0,0.6456088032609829,16.925687506432688,13.046878477646027,160.93522528939226,208.4524213142733
18,917.2641509433962,2.7735849056603774,106.0,0.7180330779800114,11.617374563210365,8.955055686683135,123.05918122741396,130.8305516185743
19,947.8538011695906,3.4444444444444446,171.0,0.7174440803173145,14.755472278097805,11.374004962542966,155.10465888744855,198.97340417394693
20,1003.4232365145228,10.630705394190871,482.0,0.9151341948249384,24.77299861870477,19.095844844252053,161.8574033804277,198.39197128039038
22,1137.6843702579665,13.746585735963581,659.0,0.7152980554009088,28.96661630188228,22.32842374382882,147.91866428170349,191.48026343600483
25,1355.8318098720292,8.539305301645339,547.0,0.8218153810390549,26.390567083147985,20.34271999640421,157.8832420716295,188.6105740889369
26,1402.183574879227,8.946859903381643,621.0,0.6147410549955326,28.11906394744562,21.67510241980135,147.00113590921197,193.7101369145204
28,1480.6473988439307,3.179190751445087,173.0,0.6377591906443288,14.841510746523857,11.440326253275224,171.46585323736718,206.15088787840696
29,1521.2331154684096,8.337690631808279,459.0,0.8498232641513489,24.17471718621419,18.63466977280104,168.1102723597347,189.02095587926777
32,301.91379310344826,17.362068965517242,58.0,1.086563888950814,8.593479713983122,6.624137748368752,121.2475747496167,124.45010732788168
33,828.3333333333334,17.5,30.0,1.209217585792682,6.180387232371033,4.764046431490261,120.28765889842371,121.7811707835103
34,195.94155844155844,22.435064935064936,154.0,1.0480656859400208,14.002817212590296,10.793833600432615,135.78842847143972,156.01332748007107
36,865.3697916666666,30.786458333333332,768.0,0.8121213515495194,31.270560761786875,24.10438016369046,157.5704134578143,209.49150244512037
37,907.7301587301587,23.96825396825397,63.0,0.9996231611440167,8.95623198216277,6.9037591675064744,120.55855267256915,125.20381076699942
38,802.5732217573221,33.21338912133891,478.0,0.9681017449265005,24.669991941291908,19.016443898081864,147.35715718281605,190.00243209515702
39,707.1805555555555,31.34722222222222,72.0,0.8757757225722184,9.574614729634384,7.380428995888261,110.26657993462709,114.26255539661777
40,736.2988792029888,42.1145703611457,803.0,0.9376309966422616,31.975167777860612,24.64751450371163,153.86923530523688,200.06720310244856
42,331.53026905829597,50.789237668161434,892.0,0.8664577478512,33.70058862844632,25.977525834231162,158.31711345765083,211.2494141666583
43,769.6008230452675,53.55692729766804,729.0,0.8323186781347351,30.46623751157884,23.484381259762852,142.71157124103664,186.67926601994506
44,1403.17439703154,50.11502782931354,1078.0,0.6798924547728353,37.04797199880859,28.557799399757624,131.33790617125587,165.49130802920314
45,47.7,37.25,20.0,1.1065010026755895,5.046265044040321,3.8898276226927324,103.87729143859568,104.69149490036742
47,1157.1859649122807,46.58245614035088,285.0,0.9775921155019268,19.04923279949934,14.683777266536474,129.02731059706588,155.3308874149129
48,516.4761904761905,49.04365079365079,252.0,0.9321969195107137,17.91246396432554,13.807518335012949,123.26856335251807,142.77373750414128
49,79.29166666666667,50.580357142857146,336.0,0.9212791533907109,20.683531783305643,15.943548855120838,121.46696543604936,152.59478909798696
50,8.28686327077748,52.78552278820376,373.0,0.7167095477743337,21.792621462004423,16.798471779421256,127.7653834009671,172.82128169197162
51,834.2869198312236,61.53902953586498,948.0,0.808355708930996,34.74235294865525,26.780552150470776,149.04153246185675,184.67535960018225
52,884.5933456561922,59.3271719038817,541.0,0.9226169589275087,26.245429958408437,20.23084351112985,151.0847305929336,200.68411203602403
53,195.65714285714284,50.05714285714286,35.0,1.2092828327760132,6.6755811781245455,5.145758266277277,110.43419471057464,112.92652821820445
54,1047.1437206178643,72.39691067830759,1489.0,0.7912158656076727,43.54140193092842,33.56314947462335,165.7334172666334,217.19335511802268
57,1293.1173184357542,64.76536312849161,179.0,1.009104070480093,15.09668435477122,11.637022491241364,119.02921987216612,138.5974594753766
58,264.7189349112426,70.20414201183432,338.0,0.9362299087564458,20.7449985808745,15.990929491091235,135.97755538842307,163.65954808349176
59,1108.3145824318476,83.76633491994808,2311.0,0.6739624733318245,54.24441526906674,41.81338535510052,155.99766837875697,219.4046144772478
60,45.90773480662983,88.41767955801105,1810.0,0.9124767754529258,48.0058702240741,37.00450896243371,164.8853299374745,222.73633260547086
63,1513.1273176761433,87.17181705809641,809.0,0.629771357979075,32.09440436728413,24.739426001646727,132.364332571191,162.64725209407746
64,911.0,76.0,21.0,1.4149067216806128,5.170882945826411,3.9858872137802095,114.8131097228121,115.60940231221703
65,519.8371040723982,87.19683257918552,442.0,0.9569896845446942,23.722813466638858,18.28632747292963,141.86246262756035,187.07773236256497
68,734.0203045685279,87.91370558375634,197.0,0.9885831083345393,15.837556323903858,12.208111053823782,117.88057148662396,137.88007372186485
71,313.9775967413442,95.41547861507128,491.0,0.6588914767096137,25.003212122944625,19.273301010365774,126.3106026438689,165.50812978714623
73,887.4502994011976,105.0311377245509,835.0,0.9341700111542741,32.60605802383755,25.133825524688767,155.3941414195852,209.76461719684468
75,768.1095541401274,119.02420382165604,1570.0,0.6805317767370582,44.710022201226934,34.46396054343836,151.48216005661993,199.9677197752717
76,1217.9467787114845,101.57142857142857,357.0,0.8871228457353999,21.320096563347295,16.434233994214686,127.59899896881399,157.7398150886514
77,403.6294416243655,99.38071065989848,197.0,0.975163462157245,15.837556323903858,12.208111053823782,119.27272838852898,135.13089264620118
78,1314.8179162609542,111.40116845180137,1027.0,0.8777729330720531,36.16098743733379,27.874082429282314,149.35021817609402,204.64023130285614
80,7.611464968152866,106.5859872611465,157.0,0.9405842830571564,14.138550439257221,10.898461250743962,101.83777767296691,115.04718401171542
81,274.91132478632477,121.55555555555556,936.0,0.8907530177179316,34.52176435050956,26.610515179596334,140.06218918693412,187.44868065801708
83,1027.4854614412136,120.05689001264223,791.0,0.6491802731596551,31.735350634355903,24.462655535532463,126.51485081081316,158.26964099469976
85,511.5947488584475,126.2579908675799,876.0,0.9423171395175152,33.396973533360814,25.743489299641116,152.1228681685909,202.11889683350967
86,863.1391304347826,120.4,115.0,1.024568424991909,12.100518486599809,9.32747896658119,121.57300894796029,133.58534522428099
87,729.8620689655172,119.34482758620689,29.0,1.137434267908128,6.076507779746499,4.683972721385333,113.69739046544876,117.05085025278011
89,912.0974529346622,134.99557032115172,903.0,0.8862479989580431,33.90774703361832,26.13721036916511,151.67254661364132,194.87881173731967
90,419.0818505338078,142.35231316725978,843.0,0.671095423642481,32.7618823667344,25.253940070396975,129.02110592616418,178.37422868864445
91,2.1267605633802815,136.64788732394365,71.0,0.7859675611832415,9.507891862878783,7.328996808338441,86.17373844374696,92.17371443338422
92,114.02068126520682,144.91362530413625,822.0,0.9178843340375492,32.35124272377035,24.937405482492068,133.68244722581997,182.14768362623394
93,177.7594936708861,135.51898734177215,79.0,1.0926697401457526,10.02925341359355,7.730879496560556,101.89121581114439,108.89413293839192
94,556.3347457627119,140.85593220338984,236.0,0.7253728795347913,17.334489682638438,13.361996685537235,107.34942064035161,114.50189849267981
95,1324.468932038835,155.4009708737864,1030.0,0.7689507575986061,36.21376438700094,27.914764643725096,138.86162556157672,185.6403218481766
97,600.6989247311828,151.46774193548387,186.0,0.9984017488223943,15.389040103942165,11.862379950442051,113.83088487979533,135.75213287477817
98,297.8695652173913,157.91973244147158,299.0,0.9685549780123429,19.511499785403828,15.040107914082189,117.73564777162709,145.89722240790726
99,1021.7948717948718,156.80448717948718,312.0,0.9316995587212518,19.931149940667517,15.363588102214564,112.78663245408079,134.6272436248355
100,800.8449197860963,157.93048128342247,187.0,0.9937772903718065,15.430353037616328,11.894225323044907,124.52423129244215,143.72204597769948
101,264.595363540569,168.42781875658588,949.0,0.904706459845381,34.76067214473376,26.79467319134156,139.4910936404553,196.91349481171864
103,890.483358547655,174.83358547655067,1322.0,0.658341898418613,41.02709687681892,31.62504016684896,125.67601090589476,183.80535752072933
105,529.3787878787879,171.1439393939394,528.0,0.8420070431685255,25.928179257714298,19.986296201761686,120.28439391194452,143.5303772984737
107,573.7130977130977,174.75259875259874,481.0,0.9458329152983498,24.747287144606645,19.076025591538574,137.38332220637753,186.94577404039708
108,928.9487179487179,168.75641025641025,78.0,0.6737432925480252,9.965574970333758,7.681794051107282,103.40108845556114,108.86975347779189
109,1286.565168539326,181.9370786516854,890.0,0.8660448812110759,33.66278649806482,25.9483867046628,131.30318441463686,176.86636062616455
110,2.13953488372093,175.54651162790697,86.0,0.7066561755381536,10.464157913908982,8.066118237252203,91.50767167745109,101.37846951227051
111,1526.508728179551,191.286783042394,802.0,0.643845182673723,31.955251757380985,24.632162577897258,132.69375336528418,161.36208620479061
113,1177.2030237580993,182.3887688984881,463.0,0.9518262571520362,24.279825147895533,18.71569045822776,125.66054104752504,165.69794634428933
116,1357.1995515695066,192.10538116591928,446.0,0.9570097122513673,23.829914749152643,18.368884675833577,125.13967926669947,170.06718827998088
117,831.1408450704225,194.33978873239437,568.0,0.9178694473284051,26.89237924411993,20.7295333698827,131.02987304176978,185.42234220474083
120,675.280701754386,199.47368421052633,513.0,0.6511830878317159,25.557227675339483,19.70035448066496,103.95728478446847,136.2609204950628
121,865.2987012987013,192.35064935064935,77.0,1.0650072150787715,9.901487006738307,7.632392933865109,104.12127295770667,109.53531673543083
122,1314.1024258760108,210.66127583108715,1113.0,0.7746693000701892,37.64459607022283,29.017696922598077,132.52819474113193,182.80350904101888
123,1396.0068415051312,207.01140250855187,877.0,0.8935984840546943,33.416030295843605,25.758178881036013,135.5927181909148,190.8332806100007
126,1186.7514934289127,215.2437275985663,837.0,0.6601487924089626,32.64508384034771,25.163907911906744,109.72207062034029,143.5283858171298
127,543.6127562642369,213.0637813211845,878.0,0.9284408159641638,33.43507619667515,25.772860089911696,152.62985760365345,211.0999755595098
128,712.776119402985,216.8374792703151,603.0,0.7601733390088774,27.70854462932514,21.358660582256586,106.82184882220456,134.6199961639309
129,1250.1636363636364,205.88636363636363,220.0,0.9466199575059367,16.73656774376801,12.901098723631927,97.03657152697531,113.47040089871794
130,852.7547169811321,205.43396226415095,53.0,1.1109014545474654,8.214724333230155,6.3321806019568,103.86543340183051,108.97465302091261
132,393.55172413793105,209.68965517241378,29.0,1.2505080359258505,6.076507779746499,4.683972721385333,99.54553020856358,101.28683525957425
133,1276.7734375,214.1875,128.0,1.015490195448531,12.766152972845846,9.840571994517683,94.85473623980613,103.81457261839219
135,455.0296167247387,230.73519163763066,574.0,0.9224817861186794,27.034043328329254,20.838732720906023,142.76364315383432,192.16304505850323
136,1362.155844155844,221.37662337662337,77.0,1.0823628677615993,9.901487006738307,7.632392933865109,95.79372023483289,100.91396249680716
137,1028.922857142857,233.26857142857142,700.0,0.8885539210179357,29.854106607209232,23.012530558354914,133.2171918312961,177.91624935405798
138,356.17391304347825,226.7391304347826,46.0,1.1433285346926183,7.653039857325812,5.899215672342027,97.46814739534412,100.59111532576496
139,377.7491961414791,235.35369774919613,311.0,0.8766239271491044,19.899183360445615,15.338947207282375,106.91780691633014,124.79411926728244
140,512.421052631579,230.24561403508773,57.0,0.8355967211704791,8.51907589177983,6.5667848268883215,100.74429965501423,102.73637544932575
142,790.8085991678224,246.95492371705964,1442.0,0.8583512236436944,42.848703871973825,33.0291949517452,148.94706390293356,210.23201263096865
145,1210.454678362573,244.65350877192984,684.0,0.9590692133443958,29.51094455619561,22.74800992508593,137.27721324202298,192.10761995730843
146,672.7679794520548,251.24914383561645,1168.0,0.9197459673347734,38.563503319209346,29.726020954056096,149.0549876354163,197.75816444197983
147,413.95541795665633,253.1640866873065,1615.0,0.7000374646053178,45.34624421875849,34.954381469878264,145.3692795059102,201.43735640094192
148,1390.9939577039274,243.29305135951662,331.0,0.9810846270793784,20.529059630371258,15.824476622057967,110.57392468280779,141.85335660166908
149,109.78030303030303,244.3560606060606,132.0,0.7550797427262267,12.964089628857149,9.993148100880843,82.48291888605658,86.31927185617702
151,1144.772373540856,252.795719844358,514.0,0.8598940326553146,25.582125126616702,19.719546257725334,123.77235396555245,156.58710194248061
152,492.2972972972973,252.84275184275185,407.0,0.8756234606931411,22.764193258431348,17.54739138197641,112.00917121881338,148.5996171298613
153,560.4969040247678,255.72136222910217,646.0,0.8297497933256679,28.679483013103898,22.107091929439918,131.19825176258024,187.32608030151093
154,1424.0196078431372,244.1764705882353,51.0,1.1220251553892604,8.058239062071396,6.21155659093368,100.3469659166931,105.14567631699512
155,988.6811279826464,261.529284164859,922.0,0.6919784567931833,34.262616074167774,26.410755136298967,130.20854684800108,189.64385675081255
156,926.7867007672635,274.2373401534527,1955.0,0.6845728543977019,49.89171584499017,38.45818099994131,152.20338182366166,220.61028030872217
157,626.48,249.16,75.0,1.0373446900117904,9.772050238058398,7.532618801153269,103.44246524143121,108.74215405749679
159,348.875,250.33333333333334,24.0,1.3278012032107074,5.527906391541368,4.261092667511007,99.18141635042326,101.83440469615988
161,591.068306010929,266.8688524590164,366.0,0.9628868384284442,21.587164551489145,16.640098812718033,127.86658711267228,172.40429685980718
162,470.22,266.3666666666667,150.0,1.0208432005909294,13.81976597885342,10.652731668777518,98.95639286069701,108.14165136248033
163,1045.2779009608278,284.8691796008869,1353.0,0.8157716229525688,41.50533825939352,31.993684406503082,137.45529083169882,182.57967281845987
165,1308.2925925925927,272.65185185185186,270.0,0.9520220582333319,18.5411616971131,14.292139294470783,102.47239770513433,130.29793633185017
166,1413.3294314381271,281.4138795986622,1196.0,0.6742826683230486,39.022999570807656,30.080215828164377,130.0696316670204,169.47878713912195
167,626.15,276.07142857142856,420.0,0.9354755184713708,23.12489154112443,17.825429521319567,124.4467200764131,165.6781651042039
169,167.74124374553253,290.73409578270196,1399.0,0.7704848985973095,42.20500116200085,32.5330076607086,126.30326229409692,175.20350714089238
171,1139.9177215189873,283.40506329113924,158.0,0.9969272086076013,14.183506197980657,10.933114633108024,109.8999249191707,125.70080414967673
172,369.65181518151815,293.8292079207921,1212.0,0.7628688700396692,39.28315578233268,30.280752821162846,143.7927878491865,200.7588665138642
173,663.2736842105263,288.42105263157896,95.0,1.060190868532934,10.998079684646791,8.47768275755534,110.25504162269401,118.4102237746815
174,1449.4868421052631,293.74013157894734,304.0,0.9847515495510109,19.67396303746374,15.165339950057286,117.0467345213212,151.5887281080607
175,1299.906976744186,290.27906976744185,43.0,1.1267047410172168,7.399277020331919,5.703606903413514,87.08348957938246,90.52952840353996
176,422.2173913043478,295.5869565217391,184.0,0.902103040067531,15.306079714651624,11.798431344684055,106.15167378121359,121.83623027114542
177,1110.8823529411766,306.5330132052821,833.0,0.9448671803273814,32.56698544176895,25.103707089035083,143.18108301700917,188.70968029188256
180,469.1704892966361,327.47477064220186,2616.0,0.6005427308595654,57.71303708025757,44.48711351168618,138.56740368192345,192.69226651814867
181,668.3224852071006,309.4230769230769,338.0,0.9840470347920548,20.7449985808745,15.990929491091235,128.68747250908365,164.31858426207685
182,1326.5,304.0,20.0,1.1978046321112854,5.046265044040321,3.8898276226927324,92.09119374887167,93.1741284517066
185,325.70093457943926,308.66355140186914,107.0,0.6825360122651358,11.67204486311899,8.997197357972599,93.75093820043321,98.72884631773343
186,1218.385993485342,325.93485342019545,614.0,0.9216372504793691,27.96013377055607,21.552593794759048,128.8929415904317,180.9316345231049
187,1075.272,321.164,500.0,0.9573683980640171,25.2313252202016,19.44913811346366,133.88702311872282,176.96954322337967
190,405.75,326.0,416.0,0.7898253631684116,23.014509567006368,17.74034345306422,99.80390963437006,107.09320000824025
193,1046.2857142857142,321.6666666666667,21.0,1.161826052809369,5.170882945826411,3.9858872137802095,101.8367819216295,102.6208687690285
195,1.6304347826086956,329.1521739130435,46.0,0.8641270918176583,7.653039857325812,5.899215672342027,85.9049643206169,88.57707362755956
196,825.3432483474976,350.3640226628895,2118.0,0.7084733362185708,51.929965874715094,40.02933138510426,144.76740918160726,195.10318883338897
198,1398.8823529411766,331.15686274509807,51.0,1.0689806449419008,8.058239062071396,6.21155659093368,88.73806423824401,91.54537962088091
200,1126.8640776699028,338.99029126213594,206.0,0.9869910168640265,16.195287778099022,12.483862263855404,113.15872715577505,137.21899602290256
201,1426.9516129032259,335.2096774193548,62.0,1.044335913625604,8.884866446580956,6.848748257617338,89.44589934932755,93.81947869102376
202,1462.2537313432836,337.0,67.0,0.9119532591940697,9.23618154310838,7.119553527418861,87.23390908953375,89.3253897567743
203,577.6743697478992,346.3235294117647,476.0,0.9581391401899123,24.61832697999475,18.976618840970293,127.27204183454863,164.26135992958095
204,20.778135048231512,348.7652733118971,311.0,0.7803282910967083,19.899183360445615,15.338947207282375,91.36547766555312,102.56573168676435
208,1080.5870236869207,362.562306900103,971.0,0.9431955977169454,35.16127981086358,27.103474800447408,150.28704332289817,206.26455689876317
209,385.3833333333333,352.25,120.0,0.9135928386845736,12.360774464742066,9.528092862980522,98.4041873955611,103.49343158444316
210,934.4112903225806,355.7983870967742,248.0,0.9440459333076786,17.769732893161912,13.697496515234675,113.58342319389254,136.34579924814193
211,1141.4032586558044,366.3075356415479,982.0,0.6172216455055034,35.35988168715967,27.25656368055835,124.20204263621586,189.52403594535724
212,1186.2254672897195,365.8025700934579,856.0,0.9471648582943911,33.01352829210018,25.44791705398446,138.95407576492897,193.59477620744423
216,1422.7778860204578,381.82172430589384,2053.0,0.7960422777022267,51.1269086229677,39.41030835456806,138.45109119359321,191.76690699322893
217,516.8260869565217,365.5,46.0,1.0635183109480795,7.653039857325812,5.899215672342027,89.11655195769052,92.26143350301695
218,375.85271317829455,368.7674418604651,129.0,0.993949251364556,12.815923738491737,9.878936943112802,101.07361982456396,108.7722162072279
219,643.7303609341826,376.04458598726114,471.0,0.9205722288006833,24.488687706168772,18.876688610609193,129.40626451431876,172.2574814579063
220,192.14309835373575,395.59729843815956,2369.0,0.6302360072903082,54.9208929413716,42.334836668676296,140.50239846336927,190.64733603863448
221,1475.2689075630253,376.672268907563,357.0,0.9718799129251119,21.320096563347295,16.434233994214686,105.91090294921754,139.4978577989699
222,787.703125,375.5104166666667,192.0,0.986451766677891,15.635280380893438,12.05219008184523,108.18938825965803,122.90160377373005
223,1532.5049504950496,376.6732673267327,101.0,0.7088740170582764,11.340070282773887,8.741300396281444,83.81613023493152,100.9580896128882
224,309.6619718309859,379.63380281690144,142.0,0.6110001543901956,13.446189622059965,10.36476668494135,95.03067194092726,98.14790127984708
226,545.1686274509804,381.321568627451,255.0,0.9625454100875873,18.01877032173579,13.889462783414563,110.34155688980943,135.85465495575264
227,1237.9381443298969,378.16494845360825,97.0,1.0456834438372384,11.11324596323283,8.566456725576652,97.7185346040132,107.22886530213373
228,14.217142857142857,387.81142857142856,700.0,0.9170177101231625,29.854106607209232,23.012530558354914,126.14849768745135,172.96242200395912
229,592.1282642089094,393.43548387096774,1302.0,0.709262172806964,40.715573031030544,31.384907306228367,134.13738319380283,187.2342855116295
231,768.4634146341464,383.7560975609756,41.0,1.134163527744976,7.225151993843567,5.5693855868704185,97.97766592822195,100.6746885962705
232,1051.365909090909,391.28409090909093,440.0,0.9526594144788813,23.66908109081279,18.244908784474493,133.49138341952337,172.80337135375032
233,981.0602006688963,398.7173913043478,598.0,0.8577843102342716,27.59342761875783,21.269924591649954,121.48839302950005,155.750056760333
237,1313.5189248491497,413.5496434448711,1823.0,0.8194924878038725,48.17795855006936,37.13716032302562,147.54680994206672,206.64577468225673
239,1099.8780276816608,411.89446366782005,1156.0,0.8565965475105454,38.36489168124743,29.572924549331,151.43594751701102,207.89354116627152
240,1386.0796398891966,416.56024930747924,1444.0,0.8114607195855018,42.87840834962948,33.05209214336994,147.00531605044523,209.79864292622548
241,97.93793103448276,404.00689655172414,145.0,0.6908864330367231,13.58748446131949,10.473681409772286,97.16164260436281,103.01210213155484
242,856.8665835411472,410.8890274314214,802.0,0.7416884220711878,31.955251757380985,24.632162577897258,140.6550774749462,199.57711945756176
243,1211.6461077844313,412.9479041916168,1670.0,0.7372948376496468,46.111929472835136,35.54459693133393,142.486961100211,207.060961917584
244,796.3082140165787,420.224566691786,1327.0,0.7846473142137391,41.104608936998304,31.684789020733213,147.198618952807,210.99667478488595
245,301.84615384615387,409.47293447293447,351.0,0.6311395791972098,21.14017691983778,16.295545995649316,94.67457730970628,117.66427715969306
246,75.29508196721312,413.84631147540983,488.0,0.6483466814192451,24.926710529686012,19.214331057729456,100.5855028446298,109.73239463129923
247,418.13177159590043,421.65300146412886,683.0,0.9277415575956959,29.489364337912,22.73137518068572,130.59068672271033,179.31024565086258
248,155.0,413.5,52.0,1.1211451356595827,8.136857890256438,6.272158578120041,107.6130744397619,112.54771853022801
252,604.2191780821918,417.75342465753425,73.0,1.0096821649448093,9.640875829802336,7.431505238514024,98.35188869663547,102.44303991217554
256,6.380710659898477,428.51269035532994,197.0,0.9313475517401453,15.837556323903858,12.208111053823782,98.00245617439734,110.45536905302214
257,896.7941176470588,446.9577205882353,1632.0,0.6910758228472409,45.58428388170407,35.13787029738559,149.69565404662552,196.617298450083
258,492.1122112211221,441.9917491749175,606.0,0.8756686092875648,27.777385840094972,21.411725659277927,127.22760723326287,165.90032691234853
259,57.166666666666664,434.94444444444446,36.0,1.0780241689027255,6.770275002573076,5.218751391058412,93.50992024002853,95.05377524441779
260,1430.89219330855,446.1152416356877,269.0,0.7637784746452194,18.5067943613625,14.26564781795214,93.91673267447717,98.2982005328628
261,968.7931034482758,440.98850574712645,87.0,0.985106430676209,10.524820207108489,8.112878734706058,102.73072334584292,106.46912438044045
262,376.98984771573606,470.02495769881557,2364.0,0.6554335676746058,54.86290444147051,42.29013721933204,145.7217016933365,206.76747478119668
264,835.2658959537572,447.757225433526,173.0,0.795268625031727,14.841510746523857,11.440326253275224,101.21918204555014,112.9064350381089
265,429.94174757281553,448.2864077669903,206.0,1.0003514919078607,16.195287778099022,12.483862263855404,99.51618943009365,116.28643218058191
266,621.9910714285714,446.19642857142856,112.0,1.0433623724061334,11.941642642883693,9.205012223341965,99.08217749648942,109.66053902754491
269,16.31527093596059,449.0,203.0,0.7157795474865422,16.07692842495848,12.392626968596021,87.19208888147931,92.60693423235556
271,717.2,457.832,125.0,0.8743797398682593,12.6156626101008,9.72456905673183,95.89582282843647,100.26393535622049
272,93.96648044692738,464.4581005586592,179.0,0.9845220726222613,15.09668435477122,11.637022491241364,100.64759626179936,114.45069338548288
275,746.2742663656885,474.00677200902936,886.0,0.8242168924253108,33.5870545989873,25.89001005770118,135.6754130222792,193.82816342379388
277,1400.3572938689217,467.32980972515855,473.0,0.7685762598823358,24.54062559633988,18.916724050303458,105.36096626917794,127.6895283123342
278,658.6886715566422,492.81499592502036,2454.0,0.6365230824935333,55.897494065298574,43.087633042836295,141.88151328570123,187.96805118642942
279,862.4330708661417,467.1417322834646,127.0,0.8643139098336534,12.716187407449045,9.80205688784617,105.31823325752595,113.68895797718596
281,948.6854838709677,474.6693548387097,496.0,0.928298589890532,25.13019725725687,19.371185342403084,118.35850880164634,150.29950921616523
283,816.1172365666434,487.4752267969295,1433.0,0.799007103352452,42.714778093834084,32.92596054240441,153.77246413183954,210.43743898192452
284,334.2049180327869,477.827868852459,122.0,0.887758667097939,12.463355264843006,9.607165528864728,89.8469984967097,94.66672950325611
285,40.761433868974045,489.0037082818294,809.0,0.9322614278356126,32.09440436728413,24.739426001646727,128.32731084850116,181.08380559988166
286,914.2922636103152,486.9484240687679,349.0,0.9569238825397561,21.079862454783044,16.249053615607778,119.48608524105408,142.39652184508586
287,852.5666666666667,484.1333333333333,30.0,1.1032628324111313,6.180387232371033,4.764046431490261,103.2315840014869,105.56817516570229
288,1000.5181598062954,498.6113801452785,826.0,0.731089019565337,32.429860683500394,24.99800680024466,133.75045522453627,177.19707131370126
290,1058.975884244373,501.9389067524116,622.0,0.6643496095343804,28.14169498849121,21.692547173063645,124.1072028008178,176.09878110352327
291,1529.420814479638,498.1900452488688,221.0,0.8997766940369009,16.774562271083887,12.930386159106407,131.01657263218755,167.0186167576482
294,1495.127659574468,494.21276595744683,47.0,1.0866382742295595,7.735777827895049,5.962992830409824,102.63122142801599,107.44090928522995
295,734.76,501.75636363636363,275.0,0.6379854459512808,18.712051592547777,14.42386686523838,96.80169431380158,105.03819430518492
296,883.217598097503,513.1521997621878,841.0,0.7699972576007635,32.722995845769866,25.223965056782323,126.33454153563065,164.06241040853052
297,1382.580487804878,501.37560975609756,205.0,0.8273914926145005,16.15593100600236,12.453524765149815,91.40314325073359,97.75094097600888
298,1115.8082191780823,500.73972602739724,73.0,0.9014987113433985,9.640875829802336,7.431505238514024,91.84046383313576,95.87731112848398
300,858.25,505.7291666666667,48.0,1.1097582375110395,7.817640190446719,6.026095040922615,103.95050913662482,107.59214481116148
301,1.2702702702702702,507.9189189189189,37.0,0.8308021269724776,6.863662517577698,5.290737569411969,84.23433747064159,89.16887790532758
302,941.2110888443553,526.4261857047428,1497.0,0.8077271755051684,43.65821341361255,33.6531916202552,149.58053976300715,209.9373695528227
303,1214.169459962756,528.0148975791434,1074.0,0.7771478167089161,36.97917347704738,28.504767228832865,128.67853754716182,189.98188079385974
304,1503.089770354906,520.0688935281837,479.0,0.7555824888025646,24.695783889727878,19.03632518307061,103.57943195323527,124.71744368594965
306,1149.0833333333333,518.4208333333333,240.0,0.9405190605409034,17.480774889473267,13.474758150377346,97.9908922591998,119.18001137253826
307,407.7942857142857,519.3771428571429,175.0,0.986554258849253,14.927053303604616,11.506265279177457,104.8122674139403,121.60047900451545
308,314.8301298701299,545.1968831168831,1925.0,0.733670496039636,49.507435033691536,38.16196466932555,148.21500602487427,215.53850803582628
309,745.4516971279373,527.5378590078329,383.0,0.9452695969644878,22.082815618339236,17.022163011531287,116.43780065355611,150.17243892158578
313,428.6666666666667,526.9305555555555,72.0,1.0963114064208244,9.574614729634384,7.380428995888261,99.88599051539602,105.95619920540604
317,713.3241525423729,544.1165254237288,944.0,0.9091938888455856,34.668979365276876,26.72399337107447,141.7770237940889,205.26757424190885
319,178.23863636363637,542.775,440.0,0.9381764367957468,23.66908109081279,18.244908784474493,126.97133215223462,172.89913243325555
321,858.6516220028209,550.0324400564175,709.0,0.9106696648109885,30.045412914740087,23.159995773307845,133.91948938760476,188.20490771286993
322,533.6419213973799,545.6375545851529,229.0,0.9558164768066202,17.075475271404667,13.162339829882674,117.70869395212522,140.22519145934095
323,1530.1636363636364,545.7272727272727,165.0,0.8646166981158542,14.494292838262302,11.172679231396245,109.89701401775339,139.90507558737895
325,457.0833333333333,553.2583333333333,240.0,0.9721523798423544,17.480774889473267,13.474758150377346,116.26091175850405,143.02909214828713
327,560.9923076923077,556.3038461538462,260.0,0.9350215988105474,18.19456736586892,14.024972946334838,106.64846190600177,117.99493444621663
330,751.1395348837209,552.1395348837209,43.0,0.8836963743145267,7.399277020331919,5.703606903413514,101.37366318523591,103.3878730620684
331,585.0327868852459,553.0983606557377,61.0,0.9288193859954207,8.812923024107548,6.793291893441893,101.99501592273224,104.8431180130823
332,191.10256410256412,561.3589743589744,39.0,1.167859516311286,7.046725639945928,5.431848665216439,94.93486044674677,96.83921501044654
333,1517.4755639097743,570.8721804511279,532.0,0.8664244654768307,26.026206750102993,20.06185902780214,112.46346748857616,155.27006387503326
335,1261.4285714285713,575.4904761904762,630.0,0.8725219563855415,28.32209231647889,21.831603386588373,112.42004912029107,141.45922501775343
336,536.6484716157205,577.5807860262008,458.0,0.9060980844562664,24.148368712786887,18.614359499983653,122.96923247354651,161.5590177557292
337,1231.2727272727273,571.2727272727273,44.0,1.093618598401635,7.48482063701911,5.769546746095352,94.0454067072218,98.19521742948194
338,277.94474393531,596.97102425876,1484.0,0.7500387598509443,43.46823534935576,33.506750259049944,139.96130337203974,195.81639936060185
341,565.115894039735,585.317880794702,302.0,0.9527595474669975,19.60913925979463,15.115371643045275,124.5554872622032,160.20141879730608
344,963.8076923076923,581.2564102564103,78.0,0.9487570327865699,9.965574970333758,7.681794051107282,95.79446000865943,97.99658311972239
345,474.9172510518934,592.5582047685834,713.0,0.9267519687665988,30.130048048354833,23.2252353272575,138.0829444162849,187.79958641386767
346,1227.8353371667538,610.9064296915839,1913.0,0.6764840743437633,49.352884911404786,38.04283233491289,142.13460125709858,191.87457999523343
347,1373.8781575037146,598.2912332838039,673.0,0.7598726273509012,29.2726871606753,22.564353262124822,111.26881423420816,141.58828805562783
348,337.4390243902439,597.9444444444445,738.0,0.9459950495267851,30.653723819701746,23.628901893112154,146.73090587107208,207.47677503275514
349,506.05985037406487,594.785536159601,401.0,0.9452864805775439,22.595775212167435,17.41756919412066,129.175558930151,163.2530421291337
351,1529.467032967033,604.2967032967033,182.0,0.80464342310097,15.222667215103916,11.734134237420196,83.31629478657896,87.55383086989255
352,108.46858638743456,605.5837696335078,382.0,0.6390652149306034,22.05396803500069,16.999926342323686,103.89476837471503,129.7722076262142
354,547.8214285714286,603.9285714285714,28.0,1.1737826689538549,5.970821321441846,4.602506111670983,101.7236447103764,102.53069338992167
355,435.82326951399114,616.1045655375552,679.0,0.9403847752155281,29.40288507740653,22.664714112872506,133.16841828493722,185.3923682862339
356,1417.4640792733278,622.1090008257638,1211.0,0.8893326963335167,39.26694651579471,30.268258183609582,142.2303882803042,190.72118979187886
357,879.9682242990655,620.6560747663551,535.0,0.943207039175748,26.099485750361293,20.118344899408246,141.48075294564717,195.13675936947976
358,1319.607188703466,621.0320924261874,779.0,0.9393733840059434,31.493707392885515,24.27638895078012,130.15649702178712,182.8893247372136
359,523.7478632478633,619.7286324786324,468.0,0.9420359613631911,24.410573670769317,18.816475734360125,126.65544804992857,168.5944851293346
361,1086.6934306569342,621.0930656934306,548.0,0.9095575652800396,26.414679072721462,20.361306313663103,128.52061476463922,173.90328188649855
362,1172.9828850855745,618.6430317848411,409.0,0.7502257328540315,22.820056393372074,17.590452529872177,122.5829961909572,156.01608583951966
363,842.6299559471365,625.7830396475771,908.0,0.913855398416502,34.00149271163735,26.209472631389552,151.7375732439057,210.70078494861554
364,1485.8653667595172,626.9238625812442,1077.0,0.8126130880679927,37.03078435139837,28.54455059394146,125.2334910845414,165.29207493746856
365,1034.2995978552278,633.1166219839142,1492.0,0.920588928636569,43.585242924008845,33.59694355884251,161.18578966519314,222.76980460210012
366,1290.2,615.2666666666667,30.0,1.1766561392153048,6.180387232371033,4.764046431490261,91.81426454955131,93.35326829744163
367,161.11684782608697,632.3763586956521,736.0,0.6461564722754889,30.612159429303247,23.59686268936811,129.03730130072245,172.0358112290589
368,799.1943127962086,625.7677725118483,422.0,0.9363829791572518,23.179885415554555,17.867820614528164,118.04121968072012,150.16939326450463
369,489.8325991189427,628.8105726872246,454.0,0.8397170663847743,24.04268606686374,18.532895828978777,118.64529249685582,149.83694724357554
372,308.0014556040757,642.7991266375545,687.0,0.9238292778400743,29.575590733458846,22.797841331844282,127.03896733778201,179.4703718610424
373,1155.3742937853108,656.3820621468926,1416.0,0.7277462095720566,42.46065467400368,32.730073824326276,142.2273284049208,196.04849127572453
374,1364.8408759124088,651.0255474452555,1370.0,0.9087481975640483,41.76527476609214,32.1940520437711,150.01315914343442,211.75644156766137
375,675.018691588785,643.1993769470405,321.0,0.9761250241176602,20.216574731145414,15.583602949733013,112.20552020003471,137.510203506167
376,1113.079365079365,641.0238095238095,252.0,0.9137375699543797,17.91246396432554,13.807518335012949,105.004416368673,122.74779672241527
377,1271.4772507260407,655.432720232333,1033.0,0.7179133887551977,36.266464532835606,27.955387655239267,128.0024495838667,186.45364032736578
380,506.72727272727275,646.9848484848485,132.0,0.8328758957987555,12.964089628857149,9.993148100880843,102.57098743870262,106.90279228481035
382,764.0523097826087,661.4755434782609,1472.0,0.7896403006918119,43.292131038448076,33.37100324476005,142.9316753072735,189.48663716683373
383,440.1603053435114,654.4465648854962,524.0,0.9367682959260976,25.829779740470595,19.910446606686172,123.00588565914542,173.20777319379027
384,1308.3598014888337,654.620347394541,403.0,0.8861240641879014,22.65205369339104,17.460950504637694,115.92373467345598,150.7769381375889
385,1513.131067961165,656.6504854368932,206.0,0.8072788602976088,16.195287778099022,12.483862263855404,86.58580973067065,92.750335489264
387,843.168918918919,657.8209459459459,296.0,0.969490125993328,19.413369239820483,14.964465651238543,123.63409233007496,158.60968498699603
388,812.2616279069767,656.0639534883721,172.0,1.0045865928514839,14.798554040663838,11.407213806827029,107.82205445442725,116.16381504414787
389,1091.7710526315789,660.1894736842105,380.0,0.92265428865306,21.996159369293583,16.95536551511068,109.38097957749457,138.80554331304705
391,472.97719087635056,669.1812725090036,833.0,0.7626726701325043,32.56698544176895,25.103707089035083,130.93680524822062,192.19172906763157
392,642.37284144427,672.5172684458398,1274.0,0.7952856605575754,40.27539174226115,31.045601042862387,134.6776185277509,179.58186863790135
394,694.6517857142857,668.6011904761905,336.0,0.7973513457045127,20.683531783305643,15.943548855120838,97.18863318883871,103.82240593383743
395,725.2916666666666,659.5833333333334,24.0,1.0349032021455313,5.527906391541368,4.261092667511007,104.76107965190846,106.01630807728725
396,983.3226238286479,672.5368139223561,747.0,0.6395177353744428,30.8400703617415,23.772543957152283,119.98133114891769,163.06407845042463
398,1530.8028169014085,671.5140845070423,142.0,0.8676771007781411,13.446189622059965,10.36476668494135,94.42097147982808,112.00978979229433
402,1244.076388888889,685.4189814814815,432.0,0.930422037948865,23.452920571340155,18.078285122767845,103.40243115513923,136.76706819524568
403,846.3297872340426,679.2021276595744,94.0,1.0133427187701074,10.940041919714261,8.432945333099102,105.45707286487064,111.10329304382317
404,543.2777777777778,679.3055555555555,36.0,1.1424264698774336,6.770275002573076,5.218751391058412,92.99398497335464,94.60823733307413
405,1116.2681818181818,690.6742424242424,660.0,0.9536984853626943,28.988585676524604,22.34535846279249,133.5906341153804,181.41547744537223
406,1329.9212598425197,683.8503937007874,127.0,0.9785391854519273,12.716187407449045,9.80205688784617,100.19747458494727,110.8686002873252
407,813.9428918590522,693.1227217496962,823.0,0.8625841877758379,32.37091511398834,24.952569610060973,142.32740514616182,202.3535011890895
408,333.19354838709677,688.5448028673835,279.0,0.9138099498383054,18.847647942942654,14.528389006802314,113.33371771033491,142.01273437015786
409,114.80165289256199,689.9752066115702,363.0,0.9390091303423985,21.498510523728477,16.571761362537192,116.8973980671861,149.01737173919008
410,1462.9679144385027,690.7326203208556,187.0,0.970260161036472,15.430353037616328,11.894225323044907,112.65480463669228,135.25277906905475
412,1160.065637065637,698.3301158301158,518.0,0.7700518916359649,25.68147355921802,19.796127308072705,112.03377228841063,135.98740976878315
413,1399.1302325581396,699.353488372093,645.0,0.7412547155283304,28.65727667372076,22.089974550234192,129.4367981147452,185.07148168427165
414,714.8968544257498,715.7242136064375,1367.0,0.7646768893700298,41.719521301819455,32.158783763645395,141.3045006932018,205.19904262462427
416,997.39440433213,722.0631768953068,1108.0,0.8592448550355963,37.55994429663814,28.95244454201047,142.7828204302203,204.05601072699133
417,1523.870095902354,725.1517000871839,1147.0,0.6500035180739033,38.2152555638613,29.457580092057896,138.4462250378043,188.03520486531107
418,1441.508547008547,710.9337606837607,468.0,0.9282215067776123,24.410573670769317,18.816475734360125,127.3222059274732,165.0230321898223
419,1347.5380952380951,722.4232142857143,1680.0,0.7879911287704041,46.24978308224886,35.650859042639134,144.0968283340289,208.39706086368545
420,760.7334096109839,721.0091533180778,874.0,0.7844434670537858,33.35882734897215,25.714084961890247,121.70592766892689,164.76228030250405
421,310.72405063291137,715.1164556962025,395.0,0.9436448778876385,22.42609239636699,17.286772080168756,121.02799532869172,160.72207108290215
422,48.70178926441352,718.4950298210736,503.0,0.6384894603886024,25.30690599424961,19.507398268265412,88.48038629194318,93.19513240449956
423,1207.0,712.3703703703703,54.0,1.0589905252954273,8.291859587312052,6.391639001266511,93.42720516000082,97.4771400419695
424,948.9857142857143,720.9196428571429,560.0,0.8671808754454925,26.702324712498182,20.58303306510911,120.9922161485189,157.43721530240396
425,340.3529411764706,718.7058823529412,238.0,0.9725057559797498,17.407785949022028,13.418495866442496,117.68391338416184,147.3775082541393
427,841.106648199446,726.0498614958449,722.0,0.8099203433398056,30.319613310508885,23.371358486979496,130.49371559936918,179.21779251071342
429,1179.070652173913,723.1603260869565,368.0,0.78465665622917,21.646065519224038,16.685501622380023,95.4562214090071,103.0244858429946
430,666.9016216216216,733.3362162162163,925.0,0.8893287353645783,34.318312587888485,26.453687847059843,140.77423371205518,190.70633024346455
431,785.7905405405405,722.6148648648649,148.0,0.9959525664876463,13.727325035155395,10.581475138823938,99.42114600787812,103.92218807157948
432,1224.5,720.5,32.0,1.2898320915121941,6.383076486422923,4.9202859972588415,90.0654779525128,92.35636195088975
433,179.82716049382717,728.5432098765432,324.0,0.9675341571336079,20.310825007719227,15.656254173175235,101.37384495210551,128.66739837076872
434,1295.66875,727.721875,320.0,0.9019924652338052,20.185060176161283,15.55931049077093,96.33952575419862,120.32883995165906
435,805.6373626373627,725.0989010989011,91.0,1.0155512530157578,10.764051215546116,8.29728589063306,102.7176077969988,107.62287300904686
437,1421.7955706984667,738.0,587.0,0.950738749319931,27.33846397952051,21.073390204725733,129.43322205992428,176.5571255123268
438,901.9120879120879,743.1208791208791,728.0,0.7144945107878796,30.445334430207833,23.468268474840393,122.10949768967755,175.8987101619403
439,318.4393592677346,758.9862700228833,1311.0,0.7904483353221122,40.85605271129112,31.49319367960267,131.9711094078589,194.83796591724072
440,862.3836858006042,741.9244712990936,331.0,0.9301959881646172,20.529059630371258,15.824476622057967,124.10415857141813,154.65990918061095
441,1236.4255485893416,765.7253134796239,2552.0,0.7342077292815833,57.00269570962531,43.939558941937605,149.48120881902042,220.02954151119687
442,580.3463203463203,748.6147186147186,231.0,0.9850852586353671,17.14987856615383,13.219692344784056,128.5111587210296,159.63009998383242
444,941.7816091954023,747.551724137931,87.0,1.097881862643263,10.524820207108489,8.112878734706058,108.54226261912056,116.42024092327998
445,798.1259968102073,756.1084529505582,627.0,0.934131004624283,28.254578293596012,21.779561349787496,124.81408175978447,169.6396775899551
446,1025.3190184049079,757.4049079754601,652.0,0.932409076245583,28.812361638146328,22.209519158617248,139.59082531658262,193.60344429359247
447,1163.442857142857,763.6321428571429,840.0,0.9093567138208285,32.703535245865034,25.20896418417588,135.7494064555677,185.6747594054658
448,279.2151898734177,753.4810126582279,79.0,1.05140628819047,10.02925341359355,7.730879496560556,88.65329579356928,92.26357387310861
450,1300.789430894309,786.7642276422764,2460.0,0.6905461763831319,55.965786691946896,43.1402752531135,126.32834393200463,174.83458560446087
451,1498.0478873239438,762.5352112676056,355.0,0.9664352075305734,21.260292528114064,16.38813507032375,114.91241711980388,144.77854391615372
452,668.7194092827004,766.5021097046414,474.0,0.954113345483232,24.566553364370574,18.93671002951786,129.30173002290468,171.61386462486388
454,831.734693877551,763.469387755102,98.0,1.0070028451499355,11.170383851240114,8.61050049520297,98.13434668948169,101.93732713634874
455,864.9806034482758,773.5431034482758,928.0,0.7837200494791678,34.37391885593249,26.496550993475008,138.5696470840791,194.95584867446192
456,471.08220858895703,773.2920245398773,815.0,0.6310289406143927,32.21319960760119,24.83099729312605,105.85464573359008,131.50497706438244
457,1373.1784615384615,779.0451282051282,975.0,0.8559817397671218,35.233628199729644,27.1592433260822,120.58255138418734,166.11141379711205
458,564.6896551724138,765.8103448275862,58.0,1.0664874046656545,8.593479713983122,6.624137748368752,103.36854664266,107.88307107552315
459,949.0581967213114,778.3106557377049,1220.0,0.7286371841918245,39.41258992475499,30.380524929468663,142.33533672010165,198.84449368026213
460,991.5283018867924,764.7358490566038,53.0,0.7450030128748675,8.214724333230155,6.3321806019568,103.25373199842034,104.71631708538598
462,415.71844660194176,774.4854368932039,103.0,0.9469672644883,11.451797811161432,8.827423662171,94.18520145025047,97.7976873207471
464,61.83720930232558,774.5581395348837,43.0,1.1267047410172173,7.399277020331919,5.703606903413514,89.60430645978774,93.77091967623372
465,577.238586156112,791.3505154639175,679.0,0.9423723536382167,29.40288507740653,22.664714112872506,133.93078997312367,185.34840677085936
466,1146.1044607566346,803.7041219649915,1771.0,0.6299006850172612,47.485863514586875,36.60367063053955,140.07462357933596,194.93352088319767
467,1008.8047337278107,786.7021696252466,507.0,0.7380352760941264,25.40733061895184,19.5848088829985,113.29244811372045,141.85653646881997
468,194.27586206896552,781.4137931034483,29.0,1.2505080359258505,6.076507779746499,4.683972721385333,85.95422265269308,88.56783172966225
469,1079.4582132564842,805.2687319884726,1388.0,0.8001907923464748,42.038749839789546,32.404855655254494,133.66398685320453,185.81018700309411
471,1515.3497023809523,802.2916666666666,1344.0,0.9166271249225306,41.367063566611286,31.887097710241676,144.17998588690395,197.80653013717907
472,398.18045112781954,793.8796992481203,133.0,0.9565990203212863,13.013103375051497,10.03092951390107,92.10834815367984,97.9853655448059
473,907.2611940298508,795.7164179104477,134.0,0.8454952275532821,13.061933202803933,10.068569156516965,100.25010815011223,104.01436355193813
476,962.8185483870968,803.6572580645161,248.0,0.975328744257605,17.769732893161912,13.697496515234675,114.02102750389689,137.1683047531013
477,987.3867924528302,803.8867924528302,106.0,1.0197368339690749,11.617374563210365,8.955055686683135,106.31523344343508,116.3351883207253
478,1034.2271062271063,809.4285714285714,273.0,0.9439836679115086,18.643883600599406,14.37132072750084,118.59791164596321,149.5280861628907
479,1232.5234270414994,814.8821954484605,747.0,0.9436060861429737,30.8400703617415,23.772543957152283,140.30685199293927,188.3145579051621
480,1477.794701986755,808.1258278145696,151.0,1.0161407941867202,13.86575534383214,10.688181788952159,99.35045856310197,112.55337531177295
483,610.0020147750168,836.9288112827401,1489.0,0.6608555127092878,43.54140193092842,33.56314947462335,135.94986124856274,190.01346636309196
486,571.6146788990826,820.348623853211,109.0,0.9586850917759856,11.780624362746345,9.080894019408852,99.52198639317949,106.19661613895538
489,1398.6202783300198,828.3399602385686,503.0,0.8992260550588302,25.30690599424961,19.507398268265412,119.08118175988673,161.17683212048874
490,931.473886328725,842.4761904761905,1302.0,0.7724341161513562,40.715573031030544,31.384907306228367,145.42772064742402,205.43449710187795
491,1192.395238095238,834.6428571428571,210.0,1.0061558909778912,16.351767622932517,12.60448209208794,114.50300019798274,141.6001520161219
492,1139.4444444444443,830.074074074074,27.0,1.1980820884381786,5.863230142835039,4.519571280691961,96.22214336177234,97.3888620481956
493,1273.6741835147745,849.9867807153965,1286.0,0.6709497757498202,40.464627201166934,31.191469979357112,125.09241856906925,177.22482498807602
494,899.992718446602,863.2305825242719,824.0,0.6474042074251655,32.390575556198044,24.967724527710807,127.18164638441567,185.21948318892152
495,1063.0,844.9066666666666,150.0,0.7675426446683761,13.81976597885342,10.652731668777518,93.59374346171869,98.16108855717557
497,867.3765432098766,852.0185185185185,162.0,0.9132673710490228,14.361922094451577,11.070643493832392,104.34088511462791,111.4072513108147
498,279.6655290102389,870.1769055745165,1758.0,0.8211299445574795,47.311257853120075,36.46907882469411,149.64919973361202,209.50175327773638
499,1002.4,851.6947368421053,95.0,1.024122960459151,10.998079684646791,8.47768275755534,107.78073580671133,116.37474170876298
500,1211.0329067641683,864.4460694698355,1094.0,0.9419175973545768,37.32189788770486,28.768950514473197,149.94796563846165,212.55960029183126
502,658.8537549407115,860.3083003952569,253.0,0.7835598624560092,17.94796937867892,13.834887080075207,112.2275083534814,133.59369448844117
503,1516.1024258760108,886.9304582210243,1855.0,0.6465245712865036,48.5989645515594,37.461685642172185,152.1271778863354,211.4064261921144
504,563.4705882352941,870.4453781512605,714.0,0.7186043551424915,30.15116971098976,23.241516601831368,117.301797524761,158.20763423421124
505,979.3043893129772,875.8645038167939,1048.0,0.6820768325809451,36.52882482208332,28.157623624080955,127.30853331781194,187.68150032093715
507,485.1985294117647,870.3088235294117,136.0,1.0478844820587567,13.159049284959082,10.143429437472864,118.46250172353876,135.9035494353405
508,406.6687898089172,874.2675159235669,157.0,0.8942480247713936,14.138550439257221,10.898461250743962,90.59771426486846,94.5897793255791
510,869.0214285714286,875.5071428571429,140.0,0.9636389686539176,13.351162356249091,10.291516532554555,100.98937582243444,106.876377436918
511,678.0308788598575,882.104513064133,421.0,0.8504869280765,23.152404806704283,17.846637654366283,110.92532036483018,142.68091447878248
512,846.4304461942257,879.8635170603675,381.0,0.9467613563730738,22.025082668269306,16.977660548430034,113.93595697177767,143.16928063273363
513,1278.2162001191184,897.1220964860036,1679.0,0.6033937492904804,46.23601621690972,35.640247088529165,135.07946500437544,187.27420182046237
515,426.8139534883721,878.6744186046511,43.0,1.1267047410172168,7.399277020331919,5.703606903413514,93.58169526268699,95.49455040177052
516,241.29090909090908,882.1454545454545,165.0,1.0142925857899263,14.494292838262302,11.172679231396245,108.84025421225864,125.52588477408308
517,633.6925795053004,894.5644876325089,1132.0,0.9061052718338762,37.96455142155909,29.264329065934653,147.33029965609927,193.1193425084704
518,1177.847280334728,887.9246861924686,478.0,0.9075397201790882,24.669991941291908,19.016443898081864,119.45486229356781,162.5737395528945
520,1238.3574660633485,892.2217194570136,221.0,0.7882837199052783,16.774562271083887,12.930386159106407,107.49193278479707,121.71641808269852
521,938.0900473933649,896.1848341232228,211.0,0.9790176661505118,16.39065416446578,12.63445712155765,105.42755851062729,122.10112283720272
522,1029.388888888889,892.6111111111111,54.0,1.1880266351180402,8.291859587312052,6.391639001266511,102.26664212017532,108.22349722921224
523,446.4540816326531,897.1734693877551,196.0,0.9740956737484816,15.797308339337176,12.177086579136294,104.27114779374676,123.17695514952574
524,878.25,892.25,20.0,1.3475302111243932,5.046265044040321,3.8898276226927324,98.22465917250214,99.45415323063276
525,334.63271604938274,916.658024691358,1620.0,0.6595900536055461,45.416385396362884,35.00844860423459,130.95332587797185,182.79772461475778
527,589.8715083798883,904.9916201117319,358.0,0.9648316311700315,21.349935761383176,16.457235032754276,116.78468361267132,153.6974231384931
528,9.533333333333333,899.1333333333333,30.0,1.1032628324111318,6.180387232371033,4.764046431490261,74.63071550978694,76.71520412600321
529,797.4421052631579,918.0270676691729,665.0,0.7853379656535574,29.098183744847088,22.429840270591715,127.47074901579417,185.68505971049984
530,1348.4153846153847,912.2307692307693,260.0,0.9698487332709113,18.19456736586892,14.024972946334838,103.7136226275006,127.2701187939638
531,466.3659378596087,930.3590333716916,869.0,0.6842972993269848,33.26327050028088,25.64042658954301,125.77095835309855,183.2255178508444
532,270.0129749768304,920.6441149212234,1079.0,0.6929566772433758,37.06515167605875,28.571042061911392,136.00815689655948,192.66293021271622
533,967.2737430167598,918.304469273743,358.0,0.9196607616425969,21.349935761383176,16.457235032754276,113.25079585849187,145.5186012899806
534,1314.5522243713733,924.5599613152805,1034.0,0.9242542156370742,36.2840142384516,27.96891554746836,138.05664721574053,193.34215258195627
535,1013.9035433070866,925.5531496062993,1016.0,0.8013275664127912,35.96680938658481,27.72440357988933,145.3110065106779,211.66075452386463
537,682.5122807017544,918.7228070175439,285.0,0.9089848761477247,19.04923279949934,14.683777266536474,114.22188245818907,135.63726501706154
538,918.1935328185328,935.9256756756756,2072.0,0.6766277881237295,51.36294711843604,39.59225461614541,149.52008148976697,206.5397283873582
539,1473.5826446280992,919.2685950413223,242.0,0.9483567193787443,17.55346033766304,13.530786492461814,97.26587043617997,112.63268446479317
540,1157.94952681388,921.5268138801262,317.0,0.6863478054313757,20.090219901261573,15.486204477149162,99.73782249882278,117.63517484841483
542,576.0,923.355421686747,166.0,0.7531714378597976,14.538148590038452,11.206484692105109,95.3738960069555,105.87199219266147
544,1527.396449704142,926.4260355029586,338.0,0.9082548025931673,20.7449985808745,15.990929491091235,144.7676735938676,177.49457876377255
546,602.7946428571429,929.7946428571429,560.0,0.8999822303596872,26.702324712498182,20.58303306510911,126.82852178017332,166.0006872607452
547,767.1075268817204,935.5290322580645,465.0,0.9166742050683343,24.33220886606579,18.75606955685609,121.35690388503902,164.88520151266306
548,841.1571194762685,933.7888707037644,611.0,0.7201621441807153,27.891743614073043,21.499876405266765,118.08735147753437,155.59638391093054
550,214.84964200477327,936.2124105011933,419.0,0.8140040276897413,23.09734550211416,17.80419612543116,96.48341429066929,107.96422608481092
552,677.7464898595944,955.3556942277692,1282.0,0.9133318394025717,40.4016471984804,31.14292291494624,153.80494326601342,206.61622759920573
554,1156.9933333333333,951.6622222222222,450.0,0.9594986285411047,23.936536824085962,18.451072489720655,104.39051097807153,128.19554523963455
555,1347.0,948.5617021276596,235.0,0.980859703273169,17.297725082009,13.333657318140242,108.36536405158485,130.58946461092
556,1517.6951219512196,947.670731707317,82.0,1.0347852038706615,10.217907939900583,7.8763006310373855,102.68666349393017,108.24451139165032
557,1490.3935926773456,955.4942791762014,437.0,0.9608839107943251,23.58825303088947,18.182603848559623,119.65636077054789,157.45551747829617
559,983.9747572815534,957.431067961165,515.0,0.9260310065144247,25.60699837034026,19.738719374804493,125.2705010251356,172.61142160529707
560,577.3389830508474,952.1525423728814,177.0,0.8289733118297807,15.012108426804138,11.571828574958714,93.04543491251405,100.1309710032182
562,1233.166089965398,958.4567474048442,289.0,0.8476388447980261,19.182445840623714,14.7864622746655,91.21062137134771,97.60287469481743
566,845.9027027027028,971.2468468468469,555.0,0.9211760013328869,26.582850624566497,20.490938495486468,126.87473433342606,170.49115462546285
568,1353.4145945945945,981.6929729729729,1850.0,0.6945459900721657,48.53342309955121,37.41116412809635,137.63204844975502,201.81337916158014
569,1102.2755681818182,978.9076704545455,704.0,0.805957877195085,29.93928254807644,23.078186984381407,127.71956133510031,180.5189159970601
570,577.3515439429929,974.2446555819478,421.0,0.7465093601707267,23.152404806704283,17.846637654366283,87.65819100945428,93.79159908712627
572,716.3976377952756,979.0393700787401,254.0,0.9209894554302079,17.983404693292407,13.862201789944665,110.89288676627575,120.38523507035835
573,1161.1122448979593,974.0204081632653,98.0,0.9302432366547378,11.170383851240114,8.61050049520297,95.22221005496235,102.19458348846346
574,1142.047619047619,974.5238095238095,21.0,1.0439086621085867,5.170882945826411,3.9858872137802095,90.81669623449557,91.24697191754383
575,938.7232667450058,993.8325499412456,1702.0,0.7597662561029859,46.551624087020286,35.88352804987011,148.00593847413822,213.52647588945746
576,1430.5753012048192,984.539156626506,332.0,0.966578744233616,20.56004690782767,15.848362638101525,127.68888710066022,157.9228545788956
577,1188.2151238591916,994.3272490221643,767.0,0.6451821102165395,31.25019569237719,24.088682096142186,118.87468397352964,152.33401050748185
578,878.3898305084746,988.9927360774818,413.0,0.9492657287230157,22.93137440223813,17.676260124600425,121.51249570680392,144.71880975896417
580,1238.3095975232197,993.0433436532508,323.0,0.9573726119233813,20.279456919490165,15.632074615621363,103.27961155044001,128.40886526967427
583,810.7885906040268,997.1409395973154,298.0,0.9578382308826876,19.47884453275087,15.014936167713952,117.70533049023257,149.29651668018914
584,26.057007125890735,1004.2862232779097,842.0,0.9115218488537351,32.74244487919323,25.238957013563155,123.52172132454625,172.35594949705862
585,1147.878164556962,1010.4509493670886,632.0,0.9276642205674228,28.367012395961314,21.86622926621605,133.22984982269296,189.98304949903203
586,516.8833535844471,1012.9489671931956,823.0,0.6923570432485605,32.37091511398834,24.952569610060973,129.31119178122,173.69942662357522
587,735.5462868769074,1011.1322482197355,983.0,0.8086128481890755,35.37788111906457,27.2704382366519,165.47754399415146,221.48965070646625
588,666.451376146789,1012.256880733945,545.0,0.9147532422031435,26.34227689249097,20.30549632386949,126.87139429397469,171.97702750824493
589,1523.8865096359743,1013.0492505353319,467.0,0.9104703461087935,24.384480051691096,18.796361911685203,111.70834399651193,152.1191333724838
590,1103.905172413793,1012.3922413793103,464.0,0.9316128049589635,24.306031118985995,18.73589088554133,115.17343994754751,152.29276195527314
592,130.69230769230768,1014.5250836120401,598.0,0.8008145058588376,27.59342761875783,21.269924591649954,134.9124684871037,184.12600518036547
593,788.4791154791155,1013.958230958231,407.0,0.9040992327456161,22.764193258431348,17.54739138197641,130.90563863272087,164.36120552514228
595,1046.3263157894737,1014.7929824561404,285.0,0.818650058275209,19.04923279949934,14.683777266536474,95.73970556058454,103.53140116522789
596,1478.672131147541,1010.016393442623,61.0,0.7051588800857882,8.812923024107548,6.793291893441893,87.44366358254692,89.84414753834199
597,72.06521739130434,1016.3596837944664,506.0,0.6993109867271746,25.38226171238474,19.565484942542664,126.68085300953948,152.86284607862353
598,1211.9502664298402,1015.6412078152753,563.0,0.7324031697612938,26.77375326109316,20.638092547508222,132.73197320911217,168.32152873304466
599,1300.7280701754387,1015.8684210526316,228.0,0.8171609354266745,17.03815178355966,13.133569653776643,85.77963221604531,91.50762159362299
600,231.4354430379747,1016.2455696202531,395.0,0.8378333356861429,22.42609239636699,17.286772080168756,131.36408243641145,175.1792128063074
601,562.9444444444445,1016.4977777777777,450.0,0.7638447776403728,23.936536824085962,18.451072489720655,128.57225748160945,170.0834226234986
602,967.04,1012.76,25.0,1.2815656405912992,5.641895835477563,4.348959492548676,96.8273663431137,99.4409240735939
603,169.48717948717947,1018.0673076923077,312.0,0.6930686993037647,19.931149940667517,15.363588102214564,105.85024305334981,126.27264044875751
604,1447.1396226415095,1017.833962264151,265.0,0.7691610523421261,18.36868202552426,14.159186271780943,124.10417373690069,159.80030841044464
605,1264.95530726257,1019.2513966480446,179.0,0.7443934259604683,15.09668435477122,11.637022491241364,106.99282464678676,140.98284870190108
606,642.3870967741935,1021.0967741935484,31.0,1.0081926404326687,6.282549314314218,4.842796335600771,94.63632019991752,97.58068643227776
607,806.2,1021.3,30.0,1.1328064426032607,6.180387232371033,4.764046431490261,100.84947914624472,101.85181796021764
