file,folder,filename,acquired,microscope_type,software_version,image_width_px,image_height_px,HV_kV,spot_size,WD_mm,pixel_width_nm,pixel_height_nm,HFW_um,VFW_um,magnification_x,dwell_time_us,frame_time_s,line_integration,detector_name,detector_signal,vacuum_mode,chamber_pressure_mbar,active_stage,scan_rotation_deg
H:\Daten Promotion Sicherung\Diffusion in Hydrogel Data\SEM Particles\100 nm\100nm_01.tif,100 nm,100nm_01.tif,12/17/2025 10:43:19 AM,SEM,13.9.1.6395,1536,1094,2.0,5.0,9.834769999999999,2.2482599999999997,2.2482599999999997,3.4533300000000002,2.3022199999999997,150000.14478778455,5.0,31.7545,4.0,ETD,SE,High vacuum,0.00129352,Bulk,0.0
H:\Daten Promotion Sicherung\Diffusion in Hydrogel Data\SEM Particles\100 nm\100nm_02.tif,100 nm,100nm_02.tif,12/17/2025 10:49:08 AM,SEM,13.9.1.6395,1536,1024,2.0,5.0,9.86075,1.79861,1.79861,2.76267,1.84178,187499.773769578,5.0,31.7545,4.0,ETD,SE,High vacuum,0.000887326,Bulk,0.0
H:\Daten Promotion Sicherung\Diffusion in Hydrogel Data\SEM Particles\100 nm\100nm_T1_03.tif,100 nm,100nm_T1_03.tif,12/17/2025 11:13:08 AM,SEM,13.9.1.6395,1536,1024,2.0,5.0,2.50217,1.79861,1.79861,2.76267,1.84178,187499.773769578,5.0,31.7545,4.0,T1,BSE,High vacuum,0.000442414,Bulk,0.0
H:\Daten Promotion Sicherung\Diffusion in Hydrogel Data\SEM Particles\100 nm\100nm_T1_04.tif,100 nm,100nm_T1_04.tif,12/17/2025 11:19:03 AM,SEM,13.9.1.6395,1536,1024,2.0,5.0,2.49111,1.3489600000000002,1.3489600000000002,2.0719999999999996,1.38133,250000.00000000003,5.0,31.7545,4.0,T1,BSE,High vacuum,0.000408451,Bulk,0.0
H:\Daten Promotion Sicherung\Diffusion in Hydrogel Data\SEM Particles\100 nm\100nm_T2_03.tif,100 nm,100nm_T2_03.tif,12/17/2025 11:12:34 AM,SEM,13.9.1.6395,1536,1094,2.0,5.0,2.50217,1.79861,1.79861,2.76267,1.84178,187499.773769578,5.0,31.7545,4.0,T2,SE,High vacuum,0.00044625,Bulk,0.0
H:\Daten Promotion Sicherung\Diffusion in Hydrogel Data\SEM Particles\100 nm\100nm_T2_04.tif,100 nm,100nm_T2_04.tif,12/17/2025 11:19:03 AM,SEM,13.9.1.6395,1536,1094,2.0,5.0,2.49111,1.3489600000000002,1.3489600000000002,2.0719999999999996,1.38133,250000.00000000003,5.0,31.7545,4.0,T2,SE,High vacuum,0.000408451,Bulk,0.0
H:\Daten Promotion Sicherung\Diffusion in Hydrogel Data\SEM Particles\1000 nm\1000nm_10kx_001.tif,1000 nm,1000nm_10kx_001.tif,10/31/2025 11:12:54 AM,SEM,13.9.1.6395,768,547,1.5,5.0,10.0047,53.9583,53.9583,41.440000000000005,27.6267,12500.0,1.0,0.410172,1.0,ETD,SE,High vacuum,0.000982927,Bulk,0.0
H:\Daten Promotion Sicherung\Diffusion in Hydrogel Data\SEM Particles\1000 nm\1000nm_10kx_004.tif,1000 nm,1000nm_10kx_004.tif,10/31/2025 11:18:27 AM,SEM,13.9.1.6395,1536,1094,1.5,5.0,9.99511,26.9792,26.9792,41.440000000000005,27.6267,12500.0,5.0,31.7545,4.0,ETD,SE,High vacuum,0.000934913,Bulk,0.0
H:\Daten Promotion Sicherung\Diffusion in Hydrogel Data\SEM Particles\1000 nm\1000nm_15kx_002.tif,1000 nm,1000nm_15kx_002.tif,10/31/2025 11:14:53 AM,SEM,13.9.1.6395,1536,1094,1.5,5.0,10.0076,17.986099999999997,17.986099999999997,27.6267,18.4178,18749.9773769578,0.09999999999999999,0.18607,1.0,ETD,SE,High vacuum,0.000966515,Bulk,0.0
H:\Daten Promotion Sicherung\Diffusion in Hydrogel Data\SEM Particles\1000 nm\1000nm_20kx_003.tif,1000 nm,1000nm_20kx_003.tif,10/31/2025 11:16:55 AM,SEM,13.9.1.6395,1536,1094,1.5,5.0,9.99511,13.4896,13.4896,20.720000000000002,13.8133,25000.0,5.0,31.7545,4.0,ETD,SE,High vacuum,0.000956139,Bulk,0.0
H:\Daten Promotion Sicherung\Diffusion in Hydrogel Data\SEM Particles\1000 nm\1000nm_25kx_005.tif,1000 nm,1000nm_25kx_005.tif,10/31/2025 11:19:41 AM,SEM,13.9.1.6395,768,547,1.5,5.0,9.98182,21.583299999999998,21.583299999999998,16.575999999999997,11.0507,31250.000000000004,1.0,0.410172,1.0,ETD,SE,High vacuum,0.000931287,Bulk,0.0
H:\Daten Promotion Sicherung\Diffusion in Hydrogel Data\SEM Particles\20 nm\20nm_T1_01.tif,20 nm,20nm_T1_01.tif,12/17/2025 11:42:53 AM,SEM,13.9.1.6395,1536,1024,3.0,5.0,2.9974200000000004,0.415064,0.415064,0.637538,0.42502599999999996,812500.5882002327,5.0,31.7545,4.0,T1,BSE,High vacuum,0.000333725,Bulk,0.241014
H:\Daten Promotion Sicherung\Diffusion in Hydrogel Data\SEM Particles\20 nm\20nm_T1_02.tif,20 nm,20nm_T1_02.tif,12/17/2025 12:13:20 PM,SEM,13.9.1.6395,1536,1024,1.0,5.0,3.9394199999999997,0.539583,0.539583,0.8288,0.5525329999999999,625000.0,5.0,31.7545,4.0,T1,BSE,High vacuum,0.000293689,Bulk,0.241014
H:\Daten Promotion Sicherung\Diffusion in Hydrogel Data\SEM Particles\20 nm\20nm_T1_03.tif,20 nm,20nm_T1_03.tif,12/17/2025 12:15:18 PM,SEM,13.9.1.6395,1536,1024,1.0,5.0,3.9394199999999997,0.539583,0.539583,0.8288,0.5525329999999999,625000.0,5.0,31.7545,4.0,T1,BSE,High vacuum,0.000290662,Bulk,0.241014
H:\Daten Promotion Sicherung\Diffusion in Hydrogel Data\SEM Particles\20 nm\20nm_T1_04.tif,20 nm,20nm_T1_04.tif,12/17/2025 12:16:36 PM,SEM,13.9.1.6395,1536,1024,1.0,5.0,3.9394199999999997,0.539583,0.539583,0.8288,0.5525329999999999,625000.0,5.0,31.7545,4.0,T1,BSE,High vacuum,0.000306382,Bulk,0.241014
H:\Daten Promotion Sicherung\Diffusion in Hydrogel Data\SEM Particles\20 nm\20nm_T1_05.tif,20 nm,20nm_T1_05.tif,12/17/2025 12:18:34 PM,SEM,13.9.1.6395,1536,1024,1.0,5.0,3.93857,0.539583,0.539583,0.8288,0.5525329999999999,625000.0,5.0,31.7545,4.0,T1,BSE,High vacuum,0.000305062,Bulk,0.241014
H:\Daten Promotion Sicherung\Diffusion in Hydrogel Data\SEM Particles\20 nm\20nm_T2_01.tif,20 nm,20nm_T2_01.tif,12/17/2025 11:42:53 AM,SEM,13.9.1.6395,1536,1024,3.0,5.0,2.9974200000000004,0.415064,0.415064,0.637538,0.42502599999999996,812500.5882002327,5.0,31.7545,4.0,T2,SE,High vacuum,0.000333725,Bulk,0.241014
H:\Daten Promotion Sicherung\Diffusion in Hydrogel Data\SEM Particles\20 nm\20nm_T2_02.tif,20 nm,20nm_T2_02.tif,12/17/2025 12:13:20 PM,SEM,13.9.1.6395,1536,1024,1.0,5.0,3.9394199999999997,0.539583,0.539583,0.8288,0.5525329999999999,625000.0,5.0,31.7545,4.0,T2,SE,High vacuum,0.000293689,Bulk,0.241014
H:\Daten Promotion Sicherung\Diffusion in Hydrogel Data\SEM Particles\20 nm\20nm_T2_03.tif,20 nm,20nm_T2_03.tif,12/17/2025 12:15:18 PM,SEM,13.9.1.6395,1536,1024,1.0,5.0,3.9394199999999997,0.539583,0.539583,0.8288,0.5525329999999999,625000.0,5.0,31.7545,4.0,T2,SE,High vacuum,0.000290662,Bulk,0.241014
H:\Daten Promotion Sicherung\Diffusion in Hydrogel Data\SEM Particles\20 nm\20nm_T2_04.tif,20 nm,20nm_T2_04.tif,12/17/2025 12:16:36 PM,SEM,13.9.1.6395,1536,1024,1.0,5.0,3.9394199999999997,0.539583,0.539583,0.8288,0.5525329999999999,625000.0,5.0,31.7545,4.0,T2,SE,High vacuum,0.000306382,Bulk,0.241014
H:\Daten Promotion Sicherung\Diffusion in Hydrogel Data\SEM Particles\20 nm\20nm_T2_05.tif,20 nm,20nm_T2_05.tif,12/17/2025 12:18:34 PM,SEM,13.9.1.6395,1536,1024,1.0,5.0,3.93857,0.539583,0.539583,0.8288,0.5525329999999999,625000.0,5.0,31.7545,4.0,T2,SE,High vacuum,0.000305062,Bulk,0.241014
H:\Daten Promotion Sicherung\Diffusion in Hydrogel Data\SEM Particles\20 nm\Latex particle_T2_20nm_002.tif,20 nm,Latex particle_T2_20nm_002.tif,02/14/2025 10:39:19 AM,SEM,13.9.1.6395,1536,1024,3.0,4.0,2.9990799999999997,0.770833,0.770833,1.184,0.789333,437500.0,5.0,31.7545,4.0,T2,SE,High vacuum,0.000789691,Bulk,-0.366836
H:\Daten Promotion Sicherung\Diffusion in Hydrogel Data\SEM Particles\20 nm\Latex particle_T2_20nm_003.tif,20 nm,Latex particle_T2_20nm_003.tif,02/14/2025 10:45:47 AM,SEM,13.9.1.6395,1536,1024,3.0,4.0,2.48835,1.3489600000000002,1.3489600000000002,2.0719999999999996,1.38133,250000.00000000003,5.0,31.7545,4.0,T2,SE,High vacuum,0.000580955,Bulk,-0.366836
H:\Daten Promotion Sicherung\Diffusion in Hydrogel Data\SEM Particles\20 nm\Latex particle_T2_20nm_004.tif,20 nm,Latex particle_T2_20nm_004.tif,02/14/2025 11:52:50 AM,SEM,13.9.1.6395,1536,1024,1.0,5.0,3.9003,1.3489600000000002,1.3489600000000002,2.0719999999999996,1.38133,250000.00000000003,5.0,31.7545,4.0,T2,SE,High vacuum,0.00027091,Bulk,-0.366836
H:\Daten Promotion Sicherung\Diffusion in Hydrogel Data\SEM Particles\20 nm\Latex particle_T2_20nm_005.tif,20 nm,Latex particle_T2_20nm_005.tif,02/14/2025 11:56:09 AM,SEM,13.9.1.6395,1536,1024,1.0,5.0,3.89876,0.770833,0.770833,1.184,0.789333,437500.0,5.0,31.7545,4.0,T2,SE,High vacuum,0.000259687,Bulk,-0.366836
H:\Daten Promotion Sicherung\Diffusion in Hydrogel Data\SEM Particles\20 nm\Latex particle_T2_20nm_006.tif,20 nm,Latex particle_T2_20nm_006.tif,02/14/2025 12:00:10 PM,SEM,13.9.1.6395,1536,1024,1.0,5.0,3.89728,0.539583,0.539583,0.8288,0.5525329999999999,625000.0,5.0,31.7545,4.0,T2,SE,High vacuum,0.000248177,Bulk,-0.366836
H:\Daten Promotion Sicherung\Diffusion in Hydrogel Data\SEM Particles\20 nm\Latex particle_T2_20nm_007.tif,20 nm,Latex particle_T2_20nm_007.tif,02/14/2025 12:02:19 PM,SEM,13.9.1.6395,1536,1024,1.0,5.0,3.8966000000000003,0.770833,0.770833,1.184,0.789333,437500.0,5.0,31.7545,4.0,T2,SE,High vacuum,0.000240685,Bulk,-0.366836
H:\Daten Promotion Sicherung\Diffusion in Hydrogel Data\SEM Particles\20 nm\Latex particle_T2_20nm_008.tif,20 nm,Latex particle_T2_20nm_008.tif,02/14/2025 12:08:31 PM,SEM,13.9.1.6395,1536,1024,1.0,5.0,3.8946300000000003,0.539583,0.539583,0.8288,0.5525329999999999,625000.0,5.0,31.7545,4.0,T2,SE,High vacuum,0.000226373,Bulk,-0.366836
H:\Daten Promotion Sicherung\Diffusion in Hydrogel Data\SEM Particles\200 nm\Latex particle_200nm_001.tif,200 nm,Latex particle_200nm_001.tif,02/07/2025 10:10:55 AM,SEM,13.9.1.6395,1536,1094,2.0,4.0,10.0912,5.39583,5.39583,8.287999999999998,5.525329999999999,62500.00000000001,5.0,31.7545,4.0,ETD,SE,High vacuum,0.000855722,Bulk,0.0
H:\Daten Promotion Sicherung\Diffusion in Hydrogel Data\SEM Particles\200 nm\Latex particle_200nm_002.tif,200 nm,Latex particle_200nm_002.tif,02/07/2025 10:19:10 AM,SEM,13.9.1.6395,1536,1094,2.0,4.0,10.0959,3.3724,3.3724,5.180000000000001,3.4533300000000002,100000.0,5.0,31.7545,4.0,ETD,SE,High vacuum,0.000521741,Bulk,0.0
H:\Daten Promotion Sicherung\Diffusion in Hydrogel Data\SEM Particles\200 nm\Latex particle_200nm_003.tif,200 nm,Latex particle_200nm_003.tif,02/07/2025 10:24:24 AM,SEM,13.9.1.6395,1536,1094,2.0,4.0,10.0908,3.3724,3.3724,5.180000000000001,3.4533300000000002,100000.0,5.0,31.7545,4.0,ETD,SE,High vacuum,0.000419895,Bulk,0.0
H:\Daten Promotion Sicherung\Diffusion in Hydrogel Data\SEM Particles\200 nm\Latex particle_Cpad_200nm_001.tif,200 nm,Latex particle_Cpad_200nm_001.tif,02/07/2025 10:28:51 AM,SEM,13.9.1.6395,1536,1094,2.0,4.0,9.79406,2.6979200000000003,2.6979200000000003,4.143999999999999,2.76267,125000.00000000001,5.0,31.7545,4.0,ETD,SE,High vacuum,0.000356207,Bulk,0.0
H:\Daten Promotion Sicherung\Diffusion in Hydrogel Data\SEM Particles\200 nm\Latex particle_Cpad_200nm_002.tif,200 nm,Latex particle_Cpad_200nm_002.tif,02/07/2025 10:38:56 AM,SEM,13.9.1.6395,1536,1094,2.0,4.0,9.78237,2.6979200000000003,2.6979200000000003,4.143999999999999,2.76267,125000.00000000001,5.0,31.7545,4.0,ETD,SE,High vacuum,0.000269627,Bulk,0.0
H:\Daten Promotion Sicherung\Diffusion in Hydrogel Data\SEM Particles\200 nm\Latex particle_Cpad_200nm_003.tif,200 nm,Latex particle_Cpad_200nm_003.tif,02/07/2025 10:40:39 AM,SEM,13.9.1.6395,1536,1094,2.0,4.0,9.7874,2.6979200000000003,2.6979200000000003,4.143999999999999,2.76267,125000.00000000001,3.0,19.0404,4.0,ETD,SE,High vacuum,0.000260923,Bulk,0.0
H:\Daten Promotion Sicherung\Diffusion in Hydrogel Data\SEM Particles\200 nm\Latex particle_Cpad_200nm_004.tif,200 nm,Latex particle_Cpad_200nm_004.tif,02/07/2025 10:47:11 AM,SEM,13.9.1.6395,1536,1094,2.0,4.0,9.7874,5.39583,5.39583,8.287999999999998,5.525329999999999,62500.00000000001,5.0,31.7545,4.0,ETD,SE,High vacuum,0.000227942,Bulk,0.0
H:\Daten Promotion Sicherung\Diffusion in Hydrogel Data\SEM Particles\200 nm\Latex particle_Cpad_T2_200nm_001.tif,200 nm,Latex particle_Cpad_T2_200nm_001.tif,02/07/2025 11:00:20 AM,SEM,13.9.1.6395,3072,2048,2.0,4.0,2.9910900000000002,0.674479,0.674479,2.0719999999999996,1.38133,250000.00000000003,5.0,126.423,4.0,T2,SE,High vacuum,0.000181321,Bulk,0.0
H:\Daten Promotion Sicherung\Diffusion in Hydrogel Data\SEM Particles\200 nm\Latex particle_Cpad_T2_200nm_002.tif,200 nm,Latex particle_Cpad_T2_200nm_002.tif,02/07/2025 11:09:36 AM,SEM,13.9.1.6395,6144,4096,2.0,4.0,2.9910900000000002,0.33724000000000004,0.33724000000000004,2.0719999999999996,1.38133,250000.00000000003,5.0,504.505,4.0,T2,SE,High vacuum,0.000164393,Bulk,0.0
H:\Daten Promotion Sicherung\Diffusion in Hydrogel Data\SEM Particles\200 nm\Latex particle_T2_200nm_001.tif,200 nm,Latex particle_T2_200nm_001.tif,02/07/2025 11:25:22 AM,SEM,13.9.1.6395,3072,2048,2.0,4.0,3.31246,0.674479,0.674479,2.0719999999999996,1.38133,250000.00000000003,5.0,126.423,4.0,T2,SE,High vacuum,0.000143986,Bulk,-0.366836
H:\Daten Promotion Sicherung\Diffusion in Hydrogel Data\SEM Particles\200 nm\Latex particle_T2_200nm_002.tif,200 nm,Latex particle_T2_200nm_002.tif,02/07/2025 11:30:50 AM,SEM,13.9.1.6395,3072,2048,2.0,4.0,3.28121,0.539583,0.539583,1.6576,1.10507,312500.0,5.0,126.423,4.0,T2,SE,High vacuum,0.000139941,Bulk,-0.366836
H:\Daten Promotion Sicherung\Diffusion in Hydrogel Data\SEM Particles\50 nm\50nm_T1_01.tif,50 nm,50nm_T1_01.tif,12/17/2025 12:26:08 PM,SEM,13.9.1.6395,1536,1024,1.0,5.0,3.7664,0.539583,0.539583,0.8288,0.5525329999999999,625000.0,5.0,31.7545,4.0,T1,BSE,High vacuum,0.000282496,Bulk,0.241014
H:\Daten Promotion Sicherung\Diffusion in Hydrogel Data\SEM Particles\50 nm\50nm_T1_02.tif,50 nm,50nm_T1_02.tif,12/17/2025 12:28:09 PM,SEM,13.9.1.6395,1536,1024,1.0,5.0,3.76608,0.770833,0.770833,1.184,0.789333,437500.0,5.0,31.7545,4.0,T1,BSE,High vacuum,0.000282496,Bulk,0.241014
H:\Daten Promotion Sicherung\Diffusion in Hydrogel Data\SEM Particles\50 nm\50nm_T1_03.tif,50 nm,50nm_T1_03.tif,12/17/2025 12:29:06 PM,SEM,13.9.1.6395,1536,1024,1.0,5.0,3.76608,0.539583,0.539583,0.8288,0.5525329999999999,625000.0,5.0,31.7545,4.0,T1,BSE,High vacuum,0.000279584,Bulk,0.241014
H:\Daten Promotion Sicherung\Diffusion in Hydrogel Data\SEM Particles\50 nm\50nm_T2_01.tif,50 nm,50nm_T2_01.tif,12/17/2025 12:26:08 PM,SEM,13.9.1.6395,1536,1024,1.0,5.0,3.7664,0.539583,0.539583,0.8288,0.5525329999999999,625000.0,5.0,31.7545,4.0,T2,SE,High vacuum,0.000282496,Bulk,0.241014
H:\Daten Promotion Sicherung\Diffusion in Hydrogel Data\SEM Particles\50 nm\50nm_T2_02.tif,50 nm,50nm_T2_02.tif,12/17/2025 12:28:09 PM,SEM,13.9.1.6395,1536,1024,1.0,5.0,3.76608,0.770833,0.770833,1.184,0.789333,437500.0,5.0,31.7545,4.0,T2,SE,High vacuum,0.000282496,Bulk,0.241014
H:\Daten Promotion Sicherung\Diffusion in Hydrogel Data\SEM Particles\50 nm\50nm_T2_03.tif,50 nm,50nm_T2_03.tif,12/17/2025 12:29:06 PM,SEM,13.9.1.6395,1536,1024,1.0,5.0,3.76608,0.539583,0.539583,0.8288,0.5525329999999999,625000.0,5.0,31.7545,4.0,T2,SE,High vacuum,0.000279584,Bulk,0.241014
H:\Daten Promotion Sicherung\Diffusion in Hydrogel Data\SEM Particles\50 nm\Latex particle_T2_50nm_001.tif,50 nm,Latex particle_T2_50nm_001.tif,02/14/2025 12:16:58 PM,SEM,13.9.1.6395,1536,1024,1.0,5.0,3.93545,0.539583,0.539583,0.8288,0.5525329999999999,625000.0,5.0,31.7545,4.0,T2,SE,High vacuum,0.000211537,Bulk,-0.366836
H:\Daten Promotion Sicherung\Diffusion in Hydrogel Data\SEM Particles\50 nm\Latex particle_T2_50nm_002.tif,50 nm,Latex particle_T2_50nm_002.tif,02/14/2025 12:19:27 PM,SEM,13.9.1.6395,1536,1024,1.0,5.0,3.9355500000000005,0.539583,0.539583,0.8288,0.5525329999999999,625000.0,5.0,31.7545,4.0,T2,SE,High vacuum,0.000208995,Bulk,-0.366836
H:\Daten Promotion Sicherung\Diffusion in Hydrogel Data\SEM Particles\50 nm\Latex particle_T2_50nm_003.tif,50 nm,Latex particle_T2_50nm_003.tif,02/14/2025 12:20:55 PM,SEM,13.9.1.6395,1536,1024,1.0,5.0,3.93528,0.539583,0.539583,0.8288,0.5525329999999999,625000.0,5.0,31.7545,4.0,T2,SE,High vacuum,0.000206039,Bulk,-0.366836
H:\Daten Promotion Sicherung\Diffusion in Hydrogel Data\SEM Particles\50 nm\Latex particle_T2_50nm_004.tif,50 nm,Latex particle_T2_50nm_004.tif,02/14/2025 12:22:56 PM,SEM,13.9.1.6395,1536,1024,1.0,5.0,3.93528,0.770833,0.770833,1.184,0.789333,437500.0,5.0,31.7545,4.0,T2,SE,High vacuum,0.000202949,Bulk,-0.366836
H:\Daten Promotion Sicherung\Diffusion in Hydrogel Data\SEM Particles\50 nm\Latex particle_T2_50nm_005.tif,50 nm,Latex particle_T2_50nm_005.tif,02/14/2025 12:24:47 PM,SEM,13.9.1.6395,1536,1024,1.0,5.0,3.93519,0.770833,0.770833,1.184,0.789333,437500.0,5.0,31.7545,4.0,T2,SE,High vacuum,0.000201551,Bulk,-0.366836
H:\Daten Promotion Sicherung\Diffusion in Hydrogel Data\SEM Particles\500 nm\500nm_T1_01.tif,500 nm,500nm_T1_01.tif,12/17/2025 11:23:11 AM,SEM,13.9.1.6395,1536,1024,2.0,5.0,3.1511500000000003,7.708329999999999,7.708329999999999,11.84,7.89333,43750.0,5.0,31.7545,4.0,T1,BSE,High vacuum,0.000396463,Bulk,0.241014
H:\Daten Promotion Sicherung\Diffusion in Hydrogel Data\SEM Particles\500 nm\500nm_T1_02.tif,500 nm,500nm_T1_02.tif,12/17/2025 11:24:49 AM,SEM,13.9.1.6395,1536,1024,2.0,5.0,3.1511500000000003,7.708329999999999,7.708329999999999,11.84,7.89333,43750.0,5.0,31.7545,4.0,T1,BSE,High vacuum,0.000384661,Bulk,0.241014
H:\Daten Promotion Sicherung\Diffusion in Hydrogel Data\SEM Particles\500 nm\500nm_T1_03.tif,500 nm,500nm_T1_03.tif,12/17/2025 11:26:59 AM,SEM,13.9.1.6395,1536,1024,2.0,5.0,3.14571,10.7917,10.7917,16.575999999999997,11.0507,31250.000000000004,5.0,31.7545,4.0,T1,BSE,High vacuum,0.000376771,Bulk,0.241014
H:\Daten Promotion Sicherung\Diffusion in Hydrogel Data\SEM Particles\500 nm\500nm_T1_04.tif,500 nm,500nm_T1_04.tif,12/17/2025 11:28:51 AM,SEM,13.9.1.6395,1536,1024,2.0,5.0,3.1464000000000003,5.39583,5.39583,8.287999999999998,5.525329999999999,62500.00000000001,5.0,31.7545,4.0,T1,BSE,High vacuum,0.000369043,Bulk,0.241014
H:\Daten Promotion Sicherung\Diffusion in Hydrogel Data\SEM Particles\500 nm\500nm_T2_01.tif,500 nm,500nm_T2_01.tif,12/17/2025 11:23:11 AM,SEM,13.9.1.6395,1536,1094,2.0,5.0,3.1511500000000003,7.708329999999999,7.708329999999999,11.84,7.89333,43750.0,5.0,31.7545,4.0,T2,SE,High vacuum,0.000396463,Bulk,0.241014
H:\Daten Promotion Sicherung\Diffusion in Hydrogel Data\SEM Particles\500 nm\500nm_T2_02.tif,500 nm,500nm_T2_02.tif,12/17/2025 11:24:49 AM,SEM,13.9.1.6395,1536,1094,2.0,5.0,3.1511500000000003,7.708329999999999,7.708329999999999,11.84,7.89333,43750.0,5.0,31.7545,4.0,T2,SE,High vacuum,0.000384661,Bulk,0.241014
H:\Daten Promotion Sicherung\Diffusion in Hydrogel Data\SEM Particles\500 nm\500nm_T2_03.tif,500 nm,500nm_T2_03.tif,12/17/2025 11:26:59 AM,SEM,13.9.1.6395,1536,1094,2.0,5.0,3.14571,10.7917,10.7917,16.575999999999997,11.0507,31250.000000000004,5.0,31.7545,4.0,T2,SE,High vacuum,0.000376771,Bulk,0.241014
H:\Daten Promotion Sicherung\Diffusion in Hydrogel Data\SEM Particles\500 nm\500nm_T2_04.tif,500 nm,500nm_T2_04.tif,12/17/2025 11:28:51 AM,SEM,13.9.1.6395,1536,1094,2.0,5.0,3.1464000000000003,5.39583,5.39583,8.287999999999998,5.525329999999999,62500.00000000001,5.0,31.7545,4.0,T2,SE,High vacuum,0.000369043,Bulk,0.241014
